{"type":"FeatureCollection","name":"monmouth_beach_road_centerlines","metadata":{"source":"NJOGIS NG911 Road Centerlines (Tran_road)","url":"https://services2.arcgis.com/XVOqAjTOJ5P6ngMu/arcgis/rest/services/Tran_road/FeatureServer/0","query_url":"https://services2.arcgis.com/XVOqAjTOJ5P6ngMu/arcgis/rest/services/Tran_road/FeatureServer/0/query","retrieved_at_utc":"2026-09-04T20:05:43.517698+00:00","source_last_edit_date":1785341586960,"out_sr":4326,"query_envelope_wgs84":[-74.0027275,40.3221781,-73.9722607,40.3488135],"spatial_relationship":"esriSpatialRelIntersects","boundary_file":"monmouth_beach_boundary.geojson","boundary_sha256":"cc9af94860c04b563bacbc4b6087a4679a17fcd1d2e2a2ad90584381da57d982","fields":["OBJECTID","PRIMENAME","ELEVTYP_F","ELEVTYP_T"],"feature_count":404,"complete_objectid_inventory_verified":true,"municipal_clipping":"Envelope selection only; clip against the actual municipal boundary in the application."},"features":[{"type":"Feature","id":1153,"properties":{"OBJECTID":1153,"PRIMENAME":"Wesley Street","ELEVTYP_F":0,"ELEVTYP_T":0},"geometry":{"type":"LineString","coordinates":[[-73.9872757881244,40.3318737464549],[-73.9871943334258,40.3318583417824],[-73.9869331319696,40.3318094993911],[-73.9866610249034,40.3317749382949]]}},{"type":"Feature","id":1375,"properties":{"OBJECTID":1375,"PRIMENAME":"Elizabeth Place","ELEVTYP_F":0,"ELEVTYP_T":0},"geometry":{"type":"LineString","coordinates":[[-73.9865336433891,40.3346055182244],[-73.9866255115348,40.3346009850104],[-73.987335765394,40.3345660041524],[-73.9874250856382,40.3345615959098]]}},{"type":"Feature","id":1473,"properties":{"OBJECTID":1473,"PRIMENAME":"Bay Avenue","ELEVTYP_F":0,"ELEVTYP_T":0},"geometry":{"type":"LineString","coordinates":[[-73.986339947183,40.3257550612231],[-73.9863614205701,40.3258761818661],[-73.9863824196384,40.3260921815216]]}},{"type":"Feature","id":1483,"properties":{"OBJECTID":1483,"PRIMENAME":"Unnamed Segment","ELEVTYP_F":0,"ELEVTYP_T":0},"geometry":{"type":"LineString","coordinates":[[-73.991031421915,40.3347101836387],[-73.9913704205854,40.3348321829123]]}},{"type":"Feature","id":1656,"properties":{"OBJECTID":1656,"PRIMENAME":"Riverdale Avenue","ELEVTYP_F":0,"ELEVTYP_T":0},"geometry":{"type":"LineString","coordinates":[[-73.9797355791934,40.3267160353155],[-73.9796789444184,40.3265990820663]]}},{"type":"Feature","id":1852,"properties":{"OBJECTID":1852,"PRIMENAME":"Mohican Avenue","ELEVTYP_F":0,"ELEVTYP_T":0},"geometry":{"type":"LineString","coordinates":[[-74.0039015885131,40.3262542174915],[-74.00381394331,40.3262420367147],[-74.0003117101438,40.325755144926],[-74.000234494681,40.3257444070068]]}},{"type":"Feature","id":2491,"properties":{"OBJECTID":2491,"PRIMENAME":"Robbin Street","ELEVTYP_F":0,"ELEVTYP_T":0},"geometry":{"type":"LineString","coordinates":[[-73.9783385515019,40.329249214504],[-73.9783526084204,40.3292403830499],[-73.9784466348425,40.3291550198651],[-73.9785343810887,40.3290839306557],[-73.9786157389066,40.3290318640903],[-73.9787407140038,40.3289752448816],[-73.9789092685468,40.3289188218591],[-73.9797896299223,40.3286225147877],[-73.980129942576,40.3285077587311],[-73.9804451879361,40.3284014533908],[-73.9805440838884,40.3283681041399]]}},{"type":"Feature","id":2686,"properties":{"OBJECTID":2686,"PRIMENAME":"Unnamed Segment","ELEVTYP_F":0,"ELEVTYP_T":0},"geometry":{"type":"LineString","coordinates":[[-73.9759884179522,40.3473431850108],[-73.9759714158759,40.347424185375],[-73.9759584166223,40.3476121857494],[-73.9759514155639,40.3477121855915],[-73.9759684164166,40.3477531863392],[-73.9760024165185,40.3477871849912],[-73.976050415653,40.3478101852689],[-73.976105416514,40.3478191869199],[-73.9761604169249,40.3478131855199],[-73.9762094180711,40.3477921854258],[-73.9762474179023,40.3477601853956],[-73.9762644177384,40.347731185798],[-73.9762734168005,40.3476491863625],[-73.9762754177508,40.3476021860098],[-73.9762844168537,40.3473991860774],[-73.9762744151741,40.3473721861439],[-73.9761844169628,40.3472881865902]]}},{"type":"Feature","id":2838,"properties":{"OBJECTID":2838,"PRIMENAME":"Valentine Street","ELEVTYP_F":0,"ELEVTYP_T":0},"geometry":{"type":"LineString","coordinates":[[-73.9801936557309,40.3255608850114],[-73.9803238977139,40.3255413477917],[-73.981247824788,40.325408976449]]}},{"type":"Feature","id":3277,"properties":{"OBJECTID":3277,"PRIMENAME":"Wesley Street","ELEVTYP_F":0,"ELEVTYP_T":0},"geometry":{"type":"LineString","coordinates":[[-73.9880893532255,40.3320910357994],[-73.9877041137349,40.3319749375348],[-73.9874905109234,40.331921468891],[-73.9873746507616,40.3318924678637],[-73.9872757881244,40.3318737464549]]}},{"type":"Feature","id":3417,"properties":{"OBJECTID":3417,"PRIMENAME":"Unnamed Segment","ELEVTYP_F":0,"ELEVTYP_T":0},"geometry":{"type":"LineString","coordinates":[[-73.993088422614,40.32549918004],[-73.9930834226208,40.3253701809363],[-73.99303342171,40.3249741812977]]}},{"type":"Feature","id":3421,"properties":{"OBJECTID":3421,"PRIMENAME":"Jackson Court","ELEVTYP_F":0,"ELEVTYP_T":0},"geometry":{"type":"LineString","coordinates":[[-73.9887269411186,40.3317803268271],[-73.9886090103032,40.3317215801391],[-73.9884352954881,40.3316350248744],[-73.9883050892065,40.3315582141402],[-73.9881997064165,40.3314957893357],[-73.9880882251394,40.3314142301032],[-73.9879893361142,40.3313137308376],[-73.9879029652274,40.3312132860047],[-73.9878473333898,40.331151080215],[-73.9877857851377,40.3310554673139],[-73.9877367187677,40.3309551875336],[-73.9876938227474,40.3308644063214],[-73.9876513215482,40.3307212755067],[-73.9875968441991,40.3305113289447]]}},{"type":"Feature","id":3434,"properties":{"OBJECTID":3434,"PRIMENAME":"Unnamed Segment","ELEVTYP_F":0,"ELEVTYP_T":0},"geometry":{"type":"LineString","coordinates":[[-73.9937624209722,40.3254981804167],[-73.993759421915,40.325382181124],[-73.9937014206115,40.324924180884]]}},{"type":"Feature","id":3617,"properties":{"OBJECTID":3617,"PRIMENAME":"Island View Way","ELEVTYP_F":0,"ELEVTYP_T":0},"geometry":{"type":"LineString","coordinates":[[-73.9738494684538,40.3483345811202],[-73.9739712332488,40.3483359860752],[-73.9746501257984,40.3483438477791],[-73.9747185794775,40.3483584609947],[-73.9747432941631,40.3483824017189],[-73.974743497294,40.3483827719077]]}},{"type":"Feature","id":3618,"properties":{"OBJECTID":3618,"PRIMENAME":"Riverdale Avenue","ELEVTYP_F":0,"ELEVTYP_T":0},"geometry":{"type":"LineString","coordinates":[[-73.9796789444184,40.3265990820663],[-73.9796499203559,40.3265391616571],[-73.9792285988567,40.3257055260075]]}},{"type":"Feature","id":4024,"properties":{"OBJECTID":4024,"PRIMENAME":"Columbia Avenue","ELEVTYP_F":0,"ELEVTYP_T":0},"geometry":{"type":"LineString","coordinates":[[-73.9838772934512,40.3230013675614],[-73.9842630108203,40.3229764600218]]}},{"type":"Feature","id":4397,"properties":{"OBJECTID":4397,"PRIMENAME":"Willow Avenue","ELEVTYP_F":0,"ELEVTYP_T":0},"geometry":{"type":"LineString","coordinates":[[-73.9789756477083,40.3309843594621],[-73.9791143569791,40.3314028012834],[-73.9791328667208,40.3314586674335]]}},{"type":"Feature","id":5679,"properties":{"OBJECTID":5679,"PRIMENAME":"Unnamed Segment","ELEVTYP_F":0,"ELEVTYP_T":0},"geometry":{"type":"LineString","coordinates":[[-73.9926434215139,40.3255561814359],[-73.9926544204518,40.3256781808654],[-73.9926534202947,40.3260641803522]]}},{"type":"Feature","id":5682,"properties":{"OBJECTID":5682,"PRIMENAME":"Longview Way","ELEVTYP_F":0,"ELEVTYP_T":0},"geometry":{"type":"LineString","coordinates":[[-73.9756095378236,40.3487580853228],[-73.9756057573154,40.3488200265666],[-73.9755629828687,40.3495108784589]]}},{"type":"Feature","id":6680,"properties":{"OBJECTID":6680,"PRIMENAME":"River Avenue","ELEVTYP_F":0,"ELEVTYP_T":0},"geometry":{"type":"LineString","coordinates":[[-73.9776959083381,40.3343069965999],[-73.9776468718072,40.3343487212293],[-73.9776340214515,40.3343962923694],[-73.9776442995252,40.3346823056363],[-73.9776540279983,40.3350350240771],[-73.9776527050208,40.335206592253],[-73.9776453603668,40.3353495294347],[-73.9776390197884,40.3354553552922]]}},{"type":"Feature","id":7189,"properties":{"OBJECTID":7189,"PRIMENAME":"Shore Drive","ELEVTYP_F":0,"ELEVTYP_T":0},"geometry":{"type":"LineString","coordinates":[[-73.9899094185789,40.3237481808517],[-73.9898924197736,40.3235611815091],[-73.9899024193498,40.3234331796536],[-73.9899314204986,40.3231791808508],[-73.9899424196316,40.3231481811088],[-73.9899994192448,40.3230611797743],[-73.9900604185088,40.3229991810806],[-73.9901144194197,40.3229581808749],[-73.9901744192104,40.3229221795921],[-73.9902204203831,40.3229021806524],[-73.9902954200012,40.3228781799714],[-73.9904384194827,40.3228491811487],[-73.990668420551,40.3228301797236],[-73.9908454205509,40.322833180819],[-73.9910484204933,40.3228561815748],[-73.9911674212185,40.3228781811666],[-73.9914786823571,40.3229666295888]]}},{"type":"Feature","id":7302,"properties":{"OBJECTID":7302,"PRIMENAME":"Jessica Place","ELEVTYP_F":0,"ELEVTYP_T":0},"geometry":{"type":"LineString","coordinates":[[-73.9810234730678,40.3244159653046],[-73.9809676734451,40.3244146990177],[-73.9808929283146,40.3244191127706],[-73.9799216227403,40.3245202480213]]}},{"type":"Feature","id":7723,"properties":{"OBJECTID":7723,"PRIMENAME":"Marina Bay Drive","ELEVTYP_F":0,"ELEVTYP_T":0},"geometry":{"type":"LineString","coordinates":[[-73.9933244218525,40.325488180332],[-73.9935944213589,40.3255051817018],[-73.9937624209722,40.3254981804167]]}},{"type":"Feature","id":10847,"properties":{"OBJECTID":10847,"PRIMENAME":"Ocean Avenue","ELEVTYP_F":0,"ELEVTYP_T":0},"geometry":{"type":"LineString","coordinates":[[-73.9739908609722,40.3459736998496],[-73.9739878600627,40.3460663414648],[-73.9739765805871,40.3463129178338],[-73.9739457740658,40.3467153538014]]}},{"type":"Feature","id":16629,"properties":{"OBJECTID":16629,"PRIMENAME":"Gansett Court","ELEVTYP_F":0,"ELEVTYP_T":0},"geometry":{"type":"LineString","coordinates":[[-73.9878504471298,40.3224875286424],[-73.9879494203409,40.3224681803163],[-73.9880224196959,40.3224611811029],[-73.9880874192949,40.3224551803936],[-73.9881564183183,40.322447179879],[-73.9882185517873,40.3224403531238],[-73.9882838202191,40.3224372364866],[-73.9883592561662,40.3224625407851],[-73.9883930842073,40.3224990092666],[-73.9884030364031,40.3225558016821],[-73.9884204016434,40.3226126268795],[-73.9884392911725,40.3226637846951],[-73.9884478281784,40.3227114913552],[-73.988451584433,40.3228034413093],[-73.9884615600634,40.322856829349],[-73.9884686499414,40.3228999894107],[-73.9884828518828,40.3229829060593]]}},{"type":"Feature","id":19364,"properties":{"OBJECTID":19364,"PRIMENAME":"Valentine Street","ELEVTYP_F":0,"ELEVTYP_T":0},"geometry":{"type":"LineString","coordinates":[[-73.9756851732494,40.3271155118075],[-73.9757535621194,40.3271077780332],[-73.97585966307,40.3270844302572],[-73.9770608104432,40.3265989160462]]}},{"type":"Feature","id":22857,"properties":{"OBJECTID":22857,"PRIMENAME":"West Street","ELEVTYP_F":0,"ELEVTYP_T":0},"geometry":{"type":"LineString","coordinates":[[-73.9815700192364,40.3360272672661],[-73.9815082567823,40.3357480387966],[-73.9814676625784,40.3355645174637],[-73.9814178254527,40.3353830847149]]}},{"type":"Feature","id":23110,"properties":{"OBJECTID":23110,"PRIMENAME":"Borden Street","ELEVTYP_F":0,"ELEVTYP_T":0},"geometry":{"type":"LineString","coordinates":[[-73.9807824178275,40.3311272984896],[-73.9808284498751,40.3312103272927],[-73.9809820053153,40.3314874581136],[-73.9810864701261,40.3316642501976],[-73.9811602730974,40.3317932763629],[-73.9812274354894,40.3319651518519],[-73.9813678913849,40.3323232334469],[-73.9815514189559,40.3327625458871],[-73.9816000033189,40.3329247846492],[-73.9817516348965,40.3334544630109],[-73.9818179958658,40.3337359780993],[-73.981884031831,40.3340555946636],[-73.9819499580195,40.3343942621723],[-73.9819977791223,40.3346565876521],[-73.9820213617519,40.3348282674377],[-73.9820447610857,40.3350285519956]]}},{"type":"Feature","id":30850,"properties":{"OBJECTID":30850,"PRIMENAME":"Oneida Avenue","ELEVTYP_F":0,"ELEVTYP_T":0},"geometry":{"type":"LineString","coordinates":[[-74.0007914903661,40.3286163660607],[-74.0008696456051,40.3286266690454],[-74.0024000720341,40.3288286655514],[-74.0032683480088,40.3289485464567]]}},{"type":"Feature","id":35482,"properties":{"OBJECTID":35482,"PRIMENAME":"Meadow Avenue","ELEVTYP_F":0,"ELEVTYP_T":0},"geometry":{"type":"LineString","coordinates":[[-73.9907745501989,40.3336262062112],[-73.9910414798214,40.3337197185704],[-73.9918786177803,40.3340260703093]]}},{"type":"Feature","id":38757,"properties":{"OBJECTID":38757,"PRIMENAME":"Central Road","ELEVTYP_F":0,"ELEVTYP_T":0},"geometry":{"type":"LineString","coordinates":[[-73.9771359663081,40.3369944800004],[-73.9772104879347,40.3370069774297],[-73.9772894054728,40.3370261937212],[-73.9773632051992,40.3370485165988],[-73.9778158802302,40.3371673719233]]}},{"type":"Feature","id":44278,"properties":{"OBJECTID":44278,"PRIMENAME":"South Road","ELEVTYP_F":0,"ELEVTYP_T":0},"geometry":{"type":"LineString","coordinates":[[-73.9843858523567,40.3365039825411],[-73.9844914605928,40.3364997590537]]}},{"type":"Feature","id":44548,"properties":{"OBJECTID":44548,"PRIMENAME":"Pocahontas Avenue","ELEVTYP_F":0,"ELEVTYP_T":0},"geometry":{"type":"LineString","coordinates":[[-73.9998105403778,40.3235912170239],[-73.9999725270671,40.3236137689937],[-74.0019506340598,40.3238891905725],[-74.004314505295,40.3242091121131],[-74.0043832306027,40.3242184113186]]}},{"type":"Feature","id":45033,"properties":{"OBJECTID":45033,"PRIMENAME":"West Street","ELEVTYP_F":0,"ELEVTYP_T":0},"geometry":{"type":"LineString","coordinates":[[-73.9826439213307,40.3230810140322],[-73.9826374522253,40.3230216068035],[-73.9825519903217,40.3222361525962]]}},{"type":"Feature","id":45050,"properties":{"OBJECTID":45050,"PRIMENAME":"Tocci Avenue","ELEVTYP_F":0,"ELEVTYP_T":0},"geometry":{"type":"LineString","coordinates":[[-73.9866610249034,40.3317749382949],[-73.9866843369936,40.3316381659918],[-73.9866741656457,40.3314560872823],[-73.9865955769928,40.3306982293735],[-73.9865858429227,40.3304633076757],[-73.9865603871472,40.3302723761145],[-73.9865041012511,40.330202014061]]}},{"type":"Feature","id":45051,"properties":{"OBJECTID":45051,"PRIMENAME":"Monmouth Parkway","ELEVTYP_F":0,"ELEVTYP_T":0},"geometry":{"type":"LineString","coordinates":[[-73.9839798691502,40.3315029841587],[-73.983948705237,40.3316856748687],[-73.984004570259,40.3323149847084],[-73.9840139559185,40.3324107794227]]}},{"type":"Feature","id":45238,"properties":{"OBJECTID":45238,"PRIMENAME":"Centre Road","ELEVTYP_F":0,"ELEVTYP_T":0},"geometry":{"type":"LineString","coordinates":[[-73.9842991866935,40.3344064068335],[-73.9842403696379,40.3344094382801],[-73.9841937525782,40.3344118387033]]}},{"type":"Feature","id":45261,"properties":{"OBJECTID":45261,"PRIMENAME":"Patten Avenue","ELEVTYP_F":0,"ELEVTYP_T":0},"geometry":{"type":"LineString","coordinates":[[-73.9913532628141,40.3235166550997],[-73.9913521096266,40.3235233959262],[-73.9913417785903,40.3235838276024],[-73.9913410632027,40.3236791370463],[-73.9913712290016,40.3238079650059],[-73.9914753392257,40.3240792384962]]}},{"type":"Feature","id":45962,"properties":{"OBJECTID":45962,"PRIMENAME":"Neptune Avenue","ELEVTYP_F":0,"ELEVTYP_T":0},"geometry":{"type":"LineString","coordinates":[[-73.9780632574592,40.3219654332972],[-73.9779250340375,40.3229920654238],[-73.9779239070226,40.3230004301113],[-73.9779046925218,40.3231435329012]]}},{"type":"Feature","id":46465,"properties":{"OBJECTID":46465,"PRIMENAME":"Riverdale Avenue","ELEVTYP_F":0,"ELEVTYP_T":0},"geometry":{"type":"LineString","coordinates":[[-73.9779046925218,40.3231435329012],[-73.9778031354604,40.3230067434705],[-73.9777904596351,40.322989670201],[-73.9775950011163,40.3226204095499]]}},{"type":"Feature","id":46731,"properties":{"OBJECTID":46731,"PRIMENAME":"Lori Road","ELEVTYP_F":0,"ELEVTYP_T":0},"geometry":{"type":"LineString","coordinates":[[-73.9917080958885,40.3294494801521],[-73.9917583621904,40.3294764116798],[-73.9919382112261,40.3295773192142],[-73.9920869610111,40.3296637326131],[-73.9922110687819,40.3297262090771],[-73.9923538643872,40.3297840452981],[-73.9925277589247,40.3298515169644],[-73.9927389223739,40.3299239549884],[-73.992911409623,40.3299781325748]]}},{"type":"Feature","id":46866,"properties":{"OBJECTID":46866,"PRIMENAME":"Meadow Avenue","ELEVTYP_F":0,"ELEVTYP_T":0},"geometry":{"type":"LineString","coordinates":[[-73.9918786177803,40.3340260703093],[-73.9918614199811,40.3340501835788],[-73.9917854218754,40.3341631832713]]}},{"type":"Feature","id":47263,"properties":{"OBJECTID":47263,"PRIMENAME":"Columbia Avenue","ELEVTYP_F":0,"ELEVTYP_T":0},"geometry":{"type":"LineString","coordinates":[[-73.9817480152888,40.323136986433],[-73.9825373087027,40.323087894619],[-73.9826439213307,40.3230810140322]]}},{"type":"Feature","id":47269,"properties":{"OBJECTID":47269,"PRIMENAME":"Ocean Avenue","ELEVTYP_F":0,"ELEVTYP_T":0},"geometry":{"type":"LineString","coordinates":[[-73.9763434030977,40.3250539686906],[-73.9761213675433,40.3257194422108],[-73.9758823946577,40.3264225299099],[-73.9757770999573,40.3267544684936],[-73.9757338462385,40.3269115724075],[-73.9756851732494,40.3271155118075]]}},{"type":"Feature","id":47805,"properties":{"OBJECTID":47805,"PRIMENAME":"Wyandotte Avenue","ELEVTYP_F":0,"ELEVTYP_T":0},"geometry":{"type":"LineString","coordinates":[[-74.0045395066888,40.3235507342002],[-74.0044439813674,40.3235376699323],[-74.0021796621623,40.3232277057147],[-73.9997599898687,40.322883670673],[-73.9996699528574,40.3228708450563]]}},{"type":"Feature","id":48250,"properties":{"OBJECTID":48250,"PRIMENAME":"Comanche Drive","ELEVTYP_F":0,"ELEVTYP_T":0},"geometry":{"type":"LineString","coordinates":[[-74.0007914903661,40.3286163660607],[-74.0007881873465,40.3285987557437],[-74.0006697640314,40.3279670965091],[-74.0006556676952,40.327894040408]]}},{"type":"Feature","id":48424,"properties":{"OBJECTID":48424,"PRIMENAME":"Navesink Drive","ELEVTYP_F":0,"ELEVTYP_T":0},"geometry":{"type":"LineString","coordinates":[[-73.9853111747109,40.3323396933725],[-73.9853449349115,40.3326507361453],[-73.9853862359442,40.3329512171676],[-73.9854334538882,40.3332945766113],[-73.9854627790205,40.3335329898971],[-73.9854913461342,40.3338667401228],[-73.9855025621786,40.334033615092],[-73.9855146258625,40.3343439577854]]}},{"type":"Feature","id":50571,"properties":{"OBJECTID":50571,"PRIMENAME":"North Cookman Avenue","ELEVTYP_F":0,"ELEVTYP_T":0},"geometry":{"type":"LineString","coordinates":[[-73.9834863003954,40.3230266078178],[-73.9834899970127,40.3230921522847],[-73.9835229019412,40.3236737323838]]}},{"type":"Feature","id":51597,"properties":{"OBJECTID":51597,"PRIMENAME":"Marine Place","ELEVTYP_F":0,"ELEVTYP_T":0},"geometry":{"type":"LineString","coordinates":[[-73.9956920294938,40.32677769566],[-73.9956911432119,40.3268967779911],[-73.9956615679199,40.3275210170782],[-73.9956423133294,40.3276019432903],[-73.9956044782419,40.3276637378635],[-73.9955418573311,40.327711148983],[-73.9954730661275,40.3277489520071],[-73.995398211246,40.3277677319609],[-73.9953233560341,40.3277816528403],[-73.9952486442973,40.3277861039283],[-73.9951677257056,40.327780973751],[-73.9950993250014,40.3277615966821],[-73.9950248607611,40.3277279447687],[-73.994969190656,40.3276752684033],[-73.9949198672961,40.3276130944136],[-73.9948768925844,40.3275271186405],[-73.9948529942605,40.3273935707885],[-73.9948290619091,40.3272600218793],[-73.9948310161922,40.3269978916557],[-73.9948465246417,40.3266977175675]]}},{"type":"Feature","id":51769,"properties":{"OBJECTID":51769,"PRIMENAME":"Seacrest Road","ELEVTYP_F":0,"ELEVTYP_T":0},"geometry":{"type":"LineString","coordinates":[[-73.9739914606709,40.3424943476182],[-73.9741289833484,40.3425073541767],[-73.9748653505937,40.3425770226626],[-73.9748893316432,40.3425797947587]]}},{"type":"Feature","id":52617,"properties":{"OBJECTID":52617,"PRIMENAME":"Ocean Avenue","ELEVTYP_F":0,"ELEVTYP_T":0},"geometry":{"type":"LineString","coordinates":[[-73.9748359929846,40.3320059017895],[-73.9748002698222,40.3322690308311],[-73.9746963248593,40.3330263422295],[-73.9745848198321,40.3338638689721],[-73.9745574462296,40.3340694607102],[-73.9745401446887,40.3342188858098]]}},{"type":"Feature","id":53559,"properties":{"OBJECTID":53559,"PRIMENAME":"Central Road","ELEVTYP_F":0,"ELEVTYP_T":0},"geometry":{"type":"LineString","coordinates":[[-73.9755888171738,40.3369090455933],[-73.9761371847638,40.336936703605],[-73.9763571110854,40.3369566761466]]}},{"type":"Feature","id":53642,"properties":{"OBJECTID":53642,"PRIMENAME":"Monmouth Parkway","ELEVTYP_F":0,"ELEVTYP_T":0},"geometry":{"type":"LineString","coordinates":[[-73.9847387724982,40.3397489431904],[-73.9846449002343,40.3387147142712],[-73.98461020265,40.3383618844242],[-73.9846016264497,40.3382753575602],[-73.984572621527,40.3379827985158]]}},{"type":"Feature","id":55490,"properties":{"OBJECTID":55490,"PRIMENAME":"Sunset Avenue","ELEVTYP_F":0,"ELEVTYP_T":0},"geometry":{"type":"LineString","coordinates":[[-73.9923184220834,40.3234421813547],[-73.9925724214851,40.3234261806714]]}},{"type":"Feature","id":56825,"properties":{"OBJECTID":56825,"PRIMENAME":"Cayuga Avenue","ELEVTYP_F":0,"ELEVTYP_T":0},"geometry":{"type":"LineString","coordinates":[[-74.0003777674971,40.3264670123633],[-74.0004744420251,40.3264802776907],[-74.0031991953576,40.3268542131873],[-74.0037439889998,40.3269292442771]]}},{"type":"Feature","id":57145,"properties":{"OBJECTID":57145,"PRIMENAME":"Ellis Court","ELEVTYP_F":0,"ELEVTYP_T":0},"geometry":{"type":"LineString","coordinates":[[-73.9897007155049,40.3307349737975],[-73.9895761057753,40.3306582729323],[-73.9890925920974,40.3303606729689],[-73.9890242977195,40.3303317665804],[-73.9889435203095,40.3303075811634],[-73.988856395321,40.3303023921288],[-73.9887628116758,40.3303210850125],[-73.9886630235277,40.3303444725159],[-73.9885919215974,40.3303789945374],[-73.9885755020995,40.3303869656738],[-73.9884879076847,40.3304437878265]]}},{"type":"Feature","id":57424,"properties":{"OBJECTID":57424,"PRIMENAME":"Surf Road","ELEVTYP_F":0,"ELEVTYP_T":0},"geometry":{"type":"LineString","coordinates":[[-73.9756201668357,40.3274137844724],[-73.9757318512263,40.3275032625911],[-73.9759113020408,40.3276470174643],[-73.9760226875418,40.3277381142201],[-73.9761466304861,40.3278196856909],[-73.9762891872817,40.3279061192645],[-73.9764753234899,40.3279927489991],[-73.9766428836336,40.3280649920253],[-73.9768168312243,40.3281229883515],[-73.9768563864741,40.3281380190096]]}},{"type":"Feature","id":57477,"properties":{"OBJECTID":57477,"PRIMENAME":"Columbia Avenue","ELEVTYP_F":0,"ELEVTYP_T":0},"geometry":{"type":"LineString","coordinates":[[-73.9826439213307,40.3230810140322],[-73.9834863003954,40.3230266078178]]}},{"type":"Feature","id":57774,"properties":{"OBJECTID":57774,"PRIMENAME":"Valentine Street","ELEVTYP_F":0,"ELEVTYP_T":0},"geometry":{"type":"LineString","coordinates":[[-73.9792285988567,40.3257055260075],[-73.9801936557309,40.3255608850114]]}},{"type":"Feature","id":58326,"properties":{"OBJECTID":58326,"PRIMENAME":"Bayonne Avenue","ELEVTYP_F":0,"ELEVTYP_T":0},"geometry":{"type":"LineString","coordinates":[[-73.9872757881244,40.3318737464549],[-73.9872807767025,40.3319540103933],[-73.9873491561007,40.3330525283927]]}},{"type":"Feature","id":58777,"properties":{"OBJECTID":58777,"PRIMENAME":"Bay Avenue","ELEVTYP_F":0,"ELEVTYP_T":0},"geometry":{"type":"LineString","coordinates":[[-73.9862709102686,40.3247092959509],[-73.9862664188012,40.3249161813326],[-73.9862564179248,40.3250081819025],[-73.9862604184703,40.3251761814471],[-73.9862904194388,40.3254731808574],[-73.9863224180565,40.3256561817107],[-73.986339947183,40.3257550612231]]}},{"type":"Feature","id":59148,"properties":{"OBJECTID":59148,"PRIMENAME":"Valentine Street","ELEVTYP_F":0,"ELEVTYP_T":0},"geometry":{"type":"LineString","coordinates":[[-73.9770608104432,40.3265989160462],[-73.9770839817278,40.3265895495262],[-73.9772561815474,40.3265182431547]]}},{"type":"Feature","id":60561,"properties":{"OBJECTID":60561,"PRIMENAME":"Highland Avenue","ELEVTYP_F":0,"ELEVTYP_T":0},"geometry":{"type":"LineString","coordinates":[[-73.9934138179244,40.335469350306],[-73.9933884198499,40.3355077266348],[-73.9933319956555,40.3355599127566],[-73.9932694019559,40.3356024906874],[-73.9931881529744,40.33564029265],[-73.9930882149493,40.3356779856356],[-73.9928822052645,40.3357438182602],[-73.9926386741096,40.3358285374362],[-73.9925828367818,40.3358549004686]]}},{"type":"Feature","id":61076,"properties":{"OBJECTID":61076,"PRIMENAME":"Riddle Avenue","ELEVTYP_F":0,"ELEVTYP_T":0},"geometry":{"type":"LineString","coordinates":[[-73.9922014050155,40.3258993075175],[-73.9920804243342,40.3259278206527],[-73.991662286445,40.3260263842828]]}},{"type":"Feature","id":61478,"properties":{"OBJECTID":61478,"PRIMENAME":"Wesley Street","ELEVTYP_F":0,"ELEVTYP_T":0},"geometry":{"type":"LineString","coordinates":[[-73.9866610249034,40.3317749382949],[-73.986466503917,40.3317502193067],[-73.986380002012,40.3317382231397]]}},{"type":"Feature","id":61829,"properties":{"OBJECTID":61829,"PRIMENAME":"Meadow Avenue","ELEVTYP_F":0,"ELEVTYP_T":0},"geometry":{"type":"LineString","coordinates":[[-73.9881959608482,40.3321244768195],[-73.9883694780095,40.3321788908819]]}},{"type":"Feature","id":63305,"properties":{"OBJECTID":63305,"PRIMENAME":"South Cookman Avenue","ELEVTYP_F":0,"ELEVTYP_T":0},"geometry":{"type":"LineString","coordinates":[[-73.9838772934512,40.3230013675614],[-73.9838708988784,40.3229508826075],[-73.9837769283666,40.3222069537812],[-73.9837681515241,40.3221868471458],[-73.9837555574847,40.3221746159047]]}},{"type":"Feature","id":65528,"properties":{"OBJECTID":65528,"PRIMENAME":"Riddle Avenue","ELEVTYP_F":0,"ELEVTYP_T":0},"geometry":{"type":"LineString","coordinates":[[-73.9905520712666,40.3262880783066],[-73.9907144218598,40.3266111802541],[-73.9904564199961,40.3266801815586]]}},{"type":"Feature","id":66199,"properties":{"OBJECTID":66199,"PRIMENAME":"Patten Avenue","ELEVTYP_F":0,"ELEVTYP_T":0},"geometry":{"type":"LineString","coordinates":[[-73.9920944866414,40.3256281205974],[-73.9922014050155,40.3258993075175]]}},{"type":"Feature","id":66790,"properties":{"OBJECTID":66790,"PRIMENAME":"Mara Vista Drive","ELEVTYP_F":0,"ELEVTYP_T":0},"geometry":{"type":"LineString","coordinates":[[-73.9752724972182,40.344112030434],[-73.9745115461801,40.3441011913953],[-73.9743285420661,40.3441003598364],[-73.9741791104314,40.344114422457],[-73.9740924969318,40.3441103504224],[-73.9740066377173,40.3441063087726]]}},{"type":"Feature","id":67489,"properties":{"OBJECTID":67489,"PRIMENAME":"Seaview Avenue","ELEVTYP_F":0,"ELEVTYP_T":0},"geometry":{"type":"LineString","coordinates":[[-73.9749225250361,40.342301171598],[-73.9748997314975,40.3424924356428],[-73.9748893316432,40.3425797947587]]}},{"type":"Feature","id":68399,"properties":{"OBJECTID":68399,"PRIMENAME":"Tocci Avenue","ELEVTYP_F":0,"ELEVTYP_T":0},"geometry":{"type":"LineString","coordinates":[[-73.9865041012511,40.330202014061],[-73.9864930831845,40.3300786351754],[-73.9864917021363,40.3300631891555],[-73.9864338386617,40.3292593590745]]}},{"type":"Feature","id":68741,"properties":{"OBJECTID":68741,"PRIMENAME":"Riverdale Avenue","ELEVTYP_F":0,"ELEVTYP_T":0},"geometry":{"type":"LineString","coordinates":[[-73.9786935500234,40.3246481097077],[-73.9786420619464,40.324546342509]]}},{"type":"Feature","id":73915,"properties":{"OBJECTID":73915,"PRIMENAME":"North Road","ELEVTYP_F":0,"ELEVTYP_T":0},"geometry":{"type":"LineString","coordinates":[[-73.9835279399587,40.336536473923],[-73.9843191426502,40.3365066221831],[-73.9843858523567,40.3365039825411]]}},{"type":"Feature","id":74562,"properties":{"OBJECTID":74562,"PRIMENAME":"Patten Avenue","ELEVTYP_F":0,"ELEVTYP_T":0},"geometry":{"type":"LineString","coordinates":[[-73.9914753392257,40.3240792384962],[-73.9914811631452,40.3240944157957],[-73.9915625341344,40.3242961542368],[-73.9916194407332,40.3244372395591]]}},{"type":"Feature","id":74910,"properties":{"OBJECTID":74910,"PRIMENAME":"Harbour Way","ELEVTYP_F":0,"ELEVTYP_T":0},"geometry":{"type":"LineString","coordinates":[[-73.9901329743202,40.3327819132094],[-73.9900462781025,40.3327240189801],[-73.9897302618676,40.3325129201784],[-73.9896746990756,40.3324507155814],[-73.9896378605713,40.332374292112],[-73.989509663202,40.3320353531067],[-73.9894914419347,40.3319733141066],[-73.9894981865196,40.3319066352456],[-73.9895173769712,40.3318352081292],[-73.9895491220802,40.3317591142897],[-73.9896306916182,40.3316784082815],[-73.9899949144351,40.3312749336038],[-73.990067085148,40.3311988260021]]}},{"type":"Feature","id":74993,"properties":{"OBJECTID":74993,"PRIMENAME":"Rivergate Way","ELEVTYP_F":0,"ELEVTYP_T":0},"geometry":{"type":"LineString","coordinates":[[-73.9916194407332,40.3244372395591],[-73.9917367106956,40.324429793993],[-73.9926804207332,40.3243641809189]]}},{"type":"Feature","id":75088,"properties":{"OBJECTID":75088,"PRIMENAME":"Wesley Street","ELEVTYP_F":0,"ELEVTYP_T":0},"geometry":{"type":"LineString","coordinates":[[-73.9852412837929,40.3315814617853],[-73.9849858834034,40.3315482338093],[-73.9847432274558,40.3315185754837],[-73.9845254281349,40.3314985256998],[-73.9843386913496,40.3314833910432],[-73.9840957094115,40.3314966099683],[-73.9839798691502,40.3315029841587]]}},{"type":"Feature","id":75934,"properties":{"OBJECTID":75934,"PRIMENAME":"Patten Avenue","ELEVTYP_F":0,"ELEVTYP_T":0},"geometry":{"type":"LineString","coordinates":[[-73.9914786823571,40.3229666295888],[-73.9913743409312,40.3233933437931],[-73.9913532628141,40.3235166550997]]}},{"type":"Feature","id":76264,"properties":{"OBJECTID":76264,"PRIMENAME":"Griffin Street","ELEVTYP_F":0,"ELEVTYP_T":0},"geometry":{"type":"LineString","coordinates":[[-73.9823620220012,40.3295260781352],[-73.9836644453906,40.3292546898167],[-73.9836716194945,40.3292546668992]]}},{"type":"Feature","id":76846,"properties":{"OBJECTID":76846,"PRIMENAME":"Margaret Place","ELEVTYP_F":0,"ELEVTYP_T":0},"geometry":{"type":"LineString","coordinates":[[-73.9836716194945,40.3292546668992],[-73.9836711591335,40.3291879841165],[-73.9836665275069,40.3285235986929],[-73.9836653623755,40.3283562116572]]}},{"type":"Feature","id":77092,"properties":{"OBJECTID":77092,"PRIMENAME":"Hennessey Street","ELEVTYP_F":0,"ELEVTYP_T":0},"geometry":{"type":"LineString","coordinates":[[-73.9825519903217,40.3222361525962],[-73.982468970508,40.3222535430064],[-73.9816342113329,40.3223022388152]]}},{"type":"Feature","id":78016,"properties":{"OBJECTID":78016,"PRIMENAME":"River Avenue","ELEVTYP_F":0,"ELEVTYP_T":0},"geometry":{"type":"LineString","coordinates":[[-73.9775430937804,40.3294552748186],[-73.9780175340205,40.3306996722619],[-73.9783041362713,40.3314873256607],[-73.9783602473839,40.3316212967522]]}},{"type":"Feature","id":78526,"properties":{"OBJECTID":78526,"PRIMENAME":"Shore Drive","ELEVTYP_F":0,"ELEVTYP_T":0},"geometry":{"type":"LineString","coordinates":[[-73.9904084202228,40.3223291807356],[-73.9902314205058,40.3224201811308],[-73.9894624184503,40.3227741801037],[-73.9892434200505,40.3228661797744]]}},{"type":"Feature","id":80512,"properties":{"OBJECTID":80512,"PRIMENAME":"Church Street","ELEVTYP_F":0,"ELEVTYP_T":0},"geometry":{"type":"LineString","coordinates":[[-73.9800926298901,40.3232356328593],[-73.9800834725177,40.3231483769099],[-73.9799558281632,40.3219324763449],[-73.9799479477478,40.3218564266373]]}},{"type":"Feature","id":81524,"properties":{"OBJECTID":81524,"PRIMENAME":"Beach Avenue","ELEVTYP_F":0,"ELEVTYP_T":0},"geometry":{"type":"LineString","coordinates":[[-73.9862604508734,40.3237423357202],[-73.9861687354912,40.3237522507626],[-73.9857922203893,40.3237929183562],[-73.9848973974102,40.3238895664432]]}},{"type":"Feature","id":81655,"properties":{"OBJECTID":81655,"PRIMENAME":"Meredith Court","ELEVTYP_F":0,"ELEVTYP_T":0},"geometry":{"type":"LineString","coordinates":[[-73.9772561815474,40.3265182431547],[-73.9772654148916,40.3263491818667],[-73.9772804161408,40.3262451809943],[-73.97730441558,40.3261581827767],[-73.9773564147126,40.3257361807345],[-73.9773654148025,40.3256961810599],[-73.977395417695,40.3256291810215],[-73.9774544152441,40.3255541817574],[-73.9775334155524,40.3254931815943],[-73.9776004160957,40.3254161811214],[-73.9776174149519,40.3253771812455],[-73.9776314166798,40.3253071808585],[-73.9776274165345,40.3252441810152],[-73.977566416291,40.325111181674],[-73.9774844154337,40.3249681811557],[-73.9774874155605,40.3249491810158],[-73.9775214155492,40.32491818189],[-73.9775504179348,40.3249051822552],[-73.9778894154637,40.3248001817272],[-73.9786420619464,40.324546342509]]}},{"type":"Feature","id":81674,"properties":{"OBJECTID":81674,"PRIMENAME":"Monmouth Parkway","ELEVTYP_F":0,"ELEVTYP_T":0},"geometry":{"type":"LineString","coordinates":[[-73.9843858523567,40.3365039825411],[-73.9844097513329,40.3367670235059],[-73.9844503674436,40.3371696219704],[-73.9845096899115,40.3377576046954],[-73.984572621527,40.3379827985158]]}},{"type":"Feature","id":82071,"properties":{"OBJECTID":82071,"PRIMENAME":"Ocean Avenue","ELEVTYP_F":0,"ELEVTYP_T":0},"geometry":{"type":"LineString","coordinates":[[-73.9740057004228,40.34483207724],[-73.9740050555455,40.3453077328324]]}},{"type":"Feature","id":82378,"properties":{"OBJECTID":82378,"PRIMENAME":"Shore Drive","ELEVTYP_F":0,"ELEVTYP_T":0},"geometry":{"type":"LineString","coordinates":[[-73.9904084202228,40.3223291807356],[-73.9902414212848,40.3222061802781],[-73.9901984191995,40.3221871806183],[-73.9900434202371,40.3221341811493],[-73.9899854211441,40.3221051801834],[-73.9899434179394,40.322079181347],[-73.9895364193126,40.3217301803718],[-73.9894754204873,40.3216731816898],[-73.9894574180536,40.3216611793814],[-73.9893974189648,40.32164017971],[-73.9893064191543,40.3216331807207],[-73.9892674195072,40.3216391798253],[-73.9891934187036,40.3216681810858],[-73.9891074193795,40.3217211812756],[-73.989082417944,40.3217461810917],[-73.9890524201247,40.3218131806493],[-73.989043418665,40.3218641809545],[-73.9890494199301,40.3219351807998],[-73.9890634189671,40.3219821802151],[-73.9892014184689,40.322703181315],[-73.9892434200505,40.3228661797744]]}},{"type":"Feature","id":83430,"properties":{"OBJECTID":83430,"PRIMENAME":"Patten Avenue","ELEVTYP_F":0,"ELEVTYP_T":0},"geometry":{"type":"LineString","coordinates":[[-73.989542726384,40.3309037102012],[-73.9889404149262,40.3315467483631],[-73.9887269411186,40.3317803268271]]}},{"type":"Feature","id":83490,"properties":{"OBJECTID":83490,"PRIMENAME":"Unnamed Segment","ELEVTYP_F":0,"ELEVTYP_T":0},"geometry":{"type":"LineString","coordinates":[[-73.9837555574847,40.3221746159047],[-73.9838174165085,40.3221551811349],[-73.9838834179823,40.3221441796228],[-73.9841644184976,40.322126180606],[-73.9841656632801,40.3221263572809],[-73.984206417567,40.322132180698],[-73.9842294180001,40.3221481797902],[-73.984237417496,40.3221861798181],[-73.9843044162256,40.322808180029],[-73.9842814177318,40.3228331805226],[-73.9842604200476,40.3229301809877],[-73.9842630108203,40.3229764600218]]}},{"type":"Feature","id":83512,"properties":{"OBJECTID":83512,"PRIMENAME":"Riverdale Avenue","ELEVTYP_F":0,"ELEVTYP_T":0},"geometry":{"type":"LineString","coordinates":[[-73.9774738030334,40.3223565965954],[-73.9774666080036,40.3223124230584],[-73.9774669386121,40.3222695444296],[-73.9774830180328,40.3222028813228],[-73.9775396028954,40.3220818971985]]}},{"type":"Feature","id":83532,"properties":{"OBJECTID":83532,"PRIMENAME":"Newport Court","ELEVTYP_F":0,"ELEVTYP_T":0},"geometry":{"type":"LineString","coordinates":[[-73.9917724200107,40.3234781805149],[-73.9917934204194,40.3233481814335],[-73.9918734191068,40.3230301805292]]}},{"type":"Feature","id":83623,"properties":{"OBJECTID":83623,"PRIMENAME":"Marina Bay Drive","ELEVTYP_F":0,"ELEVTYP_T":0},"geometry":{"type":"LineString","coordinates":[[-73.9924444200703,40.3255681815016],[-73.9926434215139,40.3255561814359]]}},{"type":"Feature","id":84146,"properties":{"OBJECTID":84146,"PRIMENAME":"Seaview Avenue","ELEVTYP_F":0,"ELEVTYP_T":0},"geometry":{"type":"LineString","coordinates":[[-73.9755888171738,40.3369090455933],[-73.975661080323,40.3368424178615],[-73.9757887271971,40.3359142707424],[-73.9758866256801,40.3352047532289]]}},{"type":"Feature","id":84429,"properties":{"OBJECTID":84429,"PRIMENAME":"Mann Court","ELEVTYP_F":0,"ELEVTYP_T":0},"geometry":{"type":"LineString","coordinates":[[-73.9875665064981,40.3287933335641],[-73.9875440984207,40.3285408416221],[-73.9875182836343,40.3282499199206],[-73.9875125981768,40.3281858574028],[-73.9875191959909,40.3281292950016],[-73.9875204229627,40.3281187727043],[-73.9875574799814,40.3280517886845],[-73.9876090868783,40.3279960155836],[-73.9876788804175,40.3279543506785],[-73.9877449094709,40.3279266697123],[-73.987818170715,40.3279102482714],[-73.9878840094133,40.3279077396357],[-73.9879643193091,40.3279220408616],[-73.988037284514,40.3279447918764],[-73.988102904905,40.3279758557941],[-73.9881827991241,40.3280405294548],[-73.9886624178674,40.3284428179],[-73.9887167871482,40.3284962327743],[-73.9887562087146,40.3285462050128],[-73.988756686639,40.3285468105625],[-73.9887892396739,40.3285917285908],[-73.9888107693568,40.3286477434771],[-73.9888140265828,40.3287009594418],[-73.9888026500218,40.3287540287778],[-73.9887729022335,40.3288127000428],[-73.9887249760162,40.3288656078345],[-73.9886111544302,40.3289379071792],[-73.9881484884002,40.3292016777638],[-73.988078721807,40.3292349705919],[-73.9880164560296,40.3292486677481],[-73.9879432564511,40.329256744132],[-73.9878701779943,40.3292536204869],[-73.9877862351435,40.3292308757008],[-73.9877279241158,40.3292054163173],[-73.9876661025069,40.3291603683679],[-73.9876262115335,40.3291182176562],[-73.9876046195761,40.3290705477292],[-73.9875905082063,40.329006138076],[-73.9875665064981,40.3287933335641]]}},{"type":"Feature","id":84680,"properties":{"OBJECTID":84680,"PRIMENAME":"Cook Street","ELEVTYP_F":0,"ELEVTYP_T":0},"geometry":{"type":"LineString","coordinates":[[-73.9784586499998,40.3241922263391],[-73.9785471559528,40.3241845815997],[-73.9801796805956,40.3240441831914]]}},{"type":"Feature","id":84742,"properties":{"OBJECTID":84742,"PRIMENAME":"Marina Bay Drive","ELEVTYP_F":0,"ELEVTYP_T":0},"geometry":{"type":"LineString","coordinates":[[-73.9944864209881,40.3253441806961],[-73.9948064227854,40.3253081808145]]}},{"type":"Feature","id":85538,"properties":{"OBJECTID":85538,"PRIMENAME":"Patten Avenue","ELEVTYP_F":0,"ELEVTYP_T":0},"geometry":{"type":"LineString","coordinates":[[-73.9918450228857,40.3249965873415],[-73.9918662798891,40.3250492950995],[-73.9918840417231,40.3250943454551],[-73.9920944866414,40.3256281205974]]}},{"type":"Feature","id":85932,"properties":{"OBJECTID":85932,"PRIMENAME":"Beach Road","ELEVTYP_F":0,"ELEVTYP_T":0},"geometry":{"type":"LineString","coordinates":[[-73.9775647680933,40.3318079218111],[-73.9775169334944,40.3318150352671],[-73.977211568512,40.3318422053511],[-73.9769873087719,40.3318507448122],[-73.9767691792504,40.3318736139243],[-73.9764637031967,40.3319150847874],[-73.9763297821907,40.3319400634155]]}},{"type":"Feature","id":86225,"properties":{"OBJECTID":86225,"PRIMENAME":"Ocean Avenue","ELEVTYP_F":0,"ELEVTYP_T":0},"geometry":{"type":"LineString","coordinates":[[-73.9739957004272,40.3458281858324],[-73.9739941720378,40.3458718910269]]}},{"type":"Feature","id":87151,"properties":{"OBJECTID":87151,"PRIMENAME":"Marina Bay Drive","ELEVTYP_F":0,"ELEVTYP_T":0},"geometry":{"type":"LineString","coordinates":[[-73.9937624209722,40.3254981804167],[-73.9938824216522,40.3254911805459],[-73.9939764220047,40.3254691808155]]}},{"type":"Feature","id":88584,"properties":{"OBJECTID":88584,"PRIMENAME":"Monmouth Place","ELEVTYP_F":0,"ELEVTYP_T":0},"geometry":{"type":"LineString","coordinates":[[-73.9824269225628,40.3285971858061],[-73.9820572821171,40.3286754885816],[-73.9823486545102,40.3294870921071],[-73.9823620220012,40.3295260781352]]}},{"type":"Feature","id":88698,"properties":{"OBJECTID":88698,"PRIMENAME":"Seaview Avenue","ELEVTYP_F":0,"ELEVTYP_T":0},"geometry":{"type":"LineString","coordinates":[[-73.9763297821907,40.3319400634155],[-73.9763608590084,40.331678587155],[-73.9764881575731,40.3307836267685],[-73.9765996603744,40.3300617603778],[-73.976701668083,40.3293288160365],[-73.9768083012321,40.3284927830058],[-73.9768144179299,40.328444823894],[-73.9768563864741,40.3281380190096]]}},{"type":"Feature","id":90414,"properties":{"OBJECTID":90414,"PRIMENAME":"Comanche Drive","ELEVTYP_F":0,"ELEVTYP_T":0},"geometry":{"type":"LineString","coordinates":[[-74.0003777674971,40.3264670123633],[-74.0002495084245,40.3258241094688],[-74.000234494681,40.3257444070068]]}},{"type":"Feature","id":90533,"properties":{"OBJECTID":90533,"PRIMENAME":"Unnamed Segment","ELEVTYP_F":0,"ELEVTYP_T":0},"geometry":{"type":"LineString","coordinates":[[-73.9825679736692,40.3252185448025],[-73.9825784161912,40.3253191809808],[-73.9826234178221,40.3254951816847],[-73.9826204170382,40.3255341809624],[-73.9825714188555,40.3256531803807],[-73.9824784173162,40.325840182188],[-73.98248241619,40.3258581807197],[-73.9825004173277,40.3258701813971],[-73.9828474163435,40.325967181746],[-73.9832514181113,40.3260721822252]]}},{"type":"Feature","id":91105,"properties":{"OBJECTID":91105,"PRIMENAME":"Shrewsbury Drive","ELEVTYP_F":0,"ELEVTYP_T":0},"geometry":{"type":"LineString","coordinates":[[-73.9828485464502,40.3327778605138],[-73.9828995258729,40.3331927396684],[-73.982959105099,40.3335409044831],[-73.9830974281078,40.3341896904245],[-73.9831590386427,40.3344646771812]]}},{"type":"Feature","id":91621,"properties":{"OBJECTID":91621,"PRIMENAME":"Sea Breeze Court","ELEVTYP_F":0,"ELEVTYP_T":0},"geometry":{"type":"LineString","coordinates":[[-73.9923184220834,40.3234421813547],[-73.9923354201399,40.323354181011],[-73.9923844207064,40.3231721802499],[-73.9924164186837,40.3230721805503],[-73.9924294204428,40.3230141805465]]}},{"type":"Feature","id":91680,"properties":{"OBJECTID":91680,"PRIMENAME":"Unnamed Segment","ELEVTYP_F":0,"ELEVTYP_T":0},"geometry":{"type":"LineString","coordinates":[[-73.9795841204615,40.3356836674431],[-73.9794884175139,40.3353341838627],[-73.9794854165134,40.3352601827201],[-73.9794964187005,40.3352181826005],[-73.9795304168489,40.3351591834767],[-73.9795454185679,40.3351411839023],[-73.9800554160852,40.3348661838871],[-73.980196416215,40.3347641838164],[-73.9803274169803,40.3346541840911],[-73.9803804183038,40.3346291832272],[-73.9804414176734,40.3346161843239],[-73.9808654163871,40.3345581829368],[-73.9809324177641,40.3345551827283],[-73.9811838834033,40.3345114494088]]}},{"type":"Feature","id":93515,"properties":{"OBJECTID":93515,"PRIMENAME":"Unnamed Segment","ELEVTYP_F":0,"ELEVTYP_T":0},"geometry":{"type":"LineString","coordinates":[[-73.9933244218525,40.325488180332],[-73.9933124233551,40.3258331816571],[-73.9933154202314,40.3260711807603]]}},{"type":"Feature","id":95468,"properties":{"OBJECTID":95468,"PRIMENAME":"Unnamed Segment","ELEVTYP_F":0,"ELEVTYP_T":0},"geometry":{"type":"LineString","coordinates":[[-73.9752514164553,40.3418951855129],[-73.9753234170464,40.3416741844504]]}},{"type":"Feature","id":97169,"properties":{"OBJECTID":97169,"PRIMENAME":"Unnamed Segment","ELEVTYP_F":0,"ELEVTYP_T":0},"geometry":{"type":"LineString","coordinates":[[-73.9944864209881,40.3253441806961],[-73.9945454216272,40.3254141806248],[-73.9945724220204,40.3256691817618],[-73.9945884207356,40.325700181007],[-73.9946184218427,40.3257191816738],[-73.9946494221015,40.3257261818865],[-73.9954544206531,40.3256811811802],[-73.9954974222146,40.3256621803041],[-73.9955174199366,40.3256381813384],[-73.9955234219733,40.3256091821503],[-73.9955144236912,40.325513180969],[-73.9954954219104,40.325432180676],[-73.9953998782721,40.3252354583806]]}},{"type":"Feature","id":97745,"properties":{"OBJECTID":97745,"PRIMENAME":"Garden Way","ELEVTYP_F":0,"ELEVTYP_T":0},"geometry":{"type":"LineString","coordinates":[[-73.9747751048068,40.3487542991858],[-73.9747711733285,40.3488104134138],[-73.9747220457524,40.3495118394766]]}},{"type":"Feature","id":98306,"properties":{"OBJECTID":98306,"PRIMENAME":"Unnamed Segment","ELEVTYP_F":0,"ELEVTYP_T":0},"geometry":{"type":"LineString","coordinates":[[-73.9946094214973,40.3244801815721],[-73.9946064215232,40.3244191806966],[-73.9946194220355,40.3243691800586],[-73.9946734217318,40.324315181292]]}},{"type":"Feature","id":99150,"properties":{"OBJECTID":99150,"PRIMENAME":"Highland Avenue","ELEVTYP_F":0,"ELEVTYP_T":0},"geometry":{"type":"LineString","coordinates":[[-73.9934138179244,40.335469350306],[-73.9934945626143,40.3354748646354],[-73.9935692482058,40.335479940783],[-73.9936023462187,40.3354750240222]]}},{"type":"Feature","id":101013,"properties":{"OBJECTID":101013,"PRIMENAME":"Columbia Avenue","ELEVTYP_F":0,"ELEVTYP_T":0},"geometry":{"type":"LineString","coordinates":[[-73.9780226636732,40.3233662339926],[-73.9781391078502,40.3233588534238],[-73.9799644566625,40.3232431554084],[-73.9800926298901,40.3232356328593]]}},{"type":"Feature","id":101847,"properties":{"OBJECTID":101847,"PRIMENAME":"Nicholson Place","ELEVTYP_F":0,"ELEVTYP_T":0},"geometry":{"type":"LineString","coordinates":[[-73.9997601173659,40.323332840923],[-73.9996503610149,40.3233578412467],[-73.9983744055282,40.3236485773569],[-73.9983295092392,40.3236523086139],[-73.998290476473,40.32365351193],[-73.9982443840016,40.3236492212451],[-73.9982374867985,40.3236476854352]]}},{"type":"Feature","id":103313,"properties":{"OBJECTID":103313,"PRIMENAME":"Galilee Drive","ELEVTYP_F":0,"ELEVTYP_T":0},"geometry":{"type":"LineString","coordinates":[[-73.9757344408672,40.3458507974649],[-73.9755852633439,40.3458513451877],[-73.9752933629856,40.3458456820391],[-73.9750427838272,40.3458462760823],[-73.974792260111,40.345844122852],[-73.9745958626972,40.3458393589971],[-73.9744671012069,40.3458339717659],[-73.9742811371138,40.345830051856],[-73.9740979861145,40.3458288896188],[-73.9739957004272,40.3458281858324]]}},{"type":"Feature","id":103678,"properties":{"OBJECTID":103678,"PRIMENAME":"Central Road","ELEVTYP_F":0,"ELEVTYP_T":0},"geometry":{"type":"LineString","coordinates":[[-73.9763571110854,40.3369566761466],[-73.9763124157633,40.3372821835604],[-73.9763214171345,40.3373191834412],[-73.9763434162779,40.3373641841078],[-73.9763644163299,40.3374441849613],[-73.9763244168242,40.3376361839523],[-73.9763014165683,40.3378081843717],[-73.9762894144252,40.3380021843481],[-73.9762904160279,40.3381391842377]]}},{"type":"Feature","id":110246,"properties":{"OBJECTID":110246,"PRIMENAME":"Gertrude Place","ELEVTYP_F":0,"ELEVTYP_T":0},"geometry":{"type":"LineString","coordinates":[[-73.9866296299464,40.3362823230805],[-73.986724898148,40.3362790405771],[-73.9874537159636,40.3362536946218]]}},{"type":"Feature","id":112064,"properties":{"OBJECTID":112064,"PRIMENAME":"Riverdale Avenue","ELEVTYP_F":0,"ELEVTYP_T":0},"geometry":{"type":"LineString","coordinates":[[-73.980857775879,40.3290028559138],[-73.9806141748716,40.3285099339415],[-73.9805440838884,40.3283681041399]]}},{"type":"Feature","id":113103,"properties":{"OBJECTID":113103,"PRIMENAME":"Frances Avenue","ELEVTYP_F":0,"ELEVTYP_T":0},"geometry":{"type":"LineString","coordinates":[[-73.9896070752821,40.3332228878194],[-73.9897319437252,40.3331182146086],[-73.9901329743202,40.3327819132094]]}},{"type":"Feature","id":113249,"properties":{"OBJECTID":113249,"PRIMENAME":"Unnamed Segment","ELEVTYP_F":0,"ELEVTYP_T":0},"geometry":{"type":"LineString","coordinates":[[-73.974897417435,40.3481511869571],[-73.9751164164379,40.3482551864815],[-73.9751844162536,40.3482941851521],[-73.975243417256,40.3483341859081]]}},{"type":"Feature","id":114679,"properties":{"OBJECTID":114679,"PRIMENAME":"South Road","ELEVTYP_F":0,"ELEVTYP_T":0},"geometry":{"type":"LineString","coordinates":[[-73.9858892865952,40.3323148123398],[-73.9853111747109,40.3323396933725]]}},{"type":"Feature","id":114688,"properties":{"OBJECTID":114688,"PRIMENAME":"Willow Avenue","ELEVTYP_F":0,"ELEVTYP_T":0},"geometry":{"type":"LineString","coordinates":[[-73.9783385515019,40.329249214504],[-73.9783888471571,40.3293835160624],[-73.9785015253525,40.3296843503109],[-73.9787671899577,40.3303936154896]]}},{"type":"Feature","id":115716,"properties":{"OBJECTID":115716,"PRIMENAME":"Willow Avenue","ELEVTYP_F":0,"ELEVTYP_T":0},"geometry":{"type":"LineString","coordinates":[[-73.9787671899577,40.3303936154896],[-73.9788371396717,40.3305803657197],[-73.9788770185574,40.3306868286746],[-73.9789756477083,40.3309843594621]]}},{"type":"Feature","id":116038,"properties":{"OBJECTID":116038,"PRIMENAME":"West Street","ELEVTYP_F":0,"ELEVTYP_T":0},"geometry":{"type":"LineString","coordinates":[[-73.9811838834033,40.3345114494088],[-73.9811467698216,40.3343620296105],[-73.9810858472395,40.3341902091536],[-73.9810308386854,40.3340565190758],[-73.9809574717534,40.3338750615749],[-73.9808779712151,40.3336840791207],[-73.9807857324282,40.3335311694341],[-73.9805281459745,40.3330105123249],[-73.9800987956085,40.33215548746],[-73.9797244586816,40.3314293755375],[-73.9796809150552,40.3313449020394]]}},{"type":"Feature","id":117244,"properties":{"OBJECTID":117244,"PRIMENAME":"Break Water Cove","ELEVTYP_F":0,"ELEVTYP_T":0},"geometry":{"type":"LineString","coordinates":[[-73.9749225250361,40.342301171598],[-73.9750154157736,40.3423161855823],[-73.9750504167852,40.3423261840446],[-73.9752764175506,40.3424691844606],[-73.9753144149475,40.3424781859062],[-73.975701417055,40.3425311841746],[-73.9758074153081,40.3425351843388]]}},{"type":"Feature","id":117344,"properties":{"OBJECTID":117344,"PRIMENAME":"Comanche Drive","ELEVTYP_F":0,"ELEVTYP_T":0},"geometry":{"type":"LineString","coordinates":[[-73.9997601173659,40.323332840923],[-73.9996699528574,40.3228708450563]]}},{"type":"Feature","id":118218,"properties":{"OBJECTID":118218,"PRIMENAME":"Comanche Drive","ELEVTYP_F":0,"ELEVTYP_T":0},"geometry":{"type":"LineString","coordinates":[[-73.9996699528574,40.3228708450563],[-73.9996640078885,40.322840430373],[-73.999535936578,40.3221692790024]]}},{"type":"Feature","id":119272,"properties":{"OBJECTID":119272,"PRIMENAME":"River Avenue","ELEVTYP_F":0,"ELEVTYP_T":0},"geometry":{"type":"LineString","coordinates":[[-73.9768563864741,40.3281380190096],[-73.9771210402561,40.3282387287187],[-73.9771913891199,40.3282655105668]]}},{"type":"Feature","id":119856,"properties":{"OBJECTID":119856,"PRIMENAME":"Unnamed Segment","ELEVTYP_F":0,"ELEVTYP_T":0},"geometry":{"type":"LineString","coordinates":[[-73.9758214167976,40.3472291859992],[-73.9759884179522,40.3473431850108]]}},{"type":"Feature","id":119919,"properties":{"OBJECTID":119919,"PRIMENAME":"Genessee Avenue","ELEVTYP_F":0,"ELEVTYP_T":0},"geometry":{"type":"LineString","coordinates":[[-74.0006556676952,40.327894040408],[-74.0007441716601,40.3279064740625],[-74.0033320373389,40.3282702893454],[-74.0034252766043,40.3282830429995]]}},{"type":"Feature","id":119939,"properties":{"OBJECTID":119939,"PRIMENAME":"Unnamed Segment","ELEVTYP_F":0,"ELEVTYP_T":0},"geometry":{"type":"LineString","coordinates":[[-73.992210421755,40.3351851841724],[-73.9919024216137,40.3352981829564],[-73.9913384219047,40.3354881834121],[-73.9912994215031,40.3354941831706],[-73.9912704195535,40.3354861821232],[-73.9907704207875,40.335237183576],[-73.9907494214557,40.3352151827679],[-73.9907414207919,40.3351891817473],[-73.9907494209099,40.3351621838985],[-73.9908394209827,40.335006182769],[-73.991031421915,40.3347101836387]]}},{"type":"Feature","id":119993,"properties":{"OBJECTID":119993,"PRIMENAME":"Comanche Drive","ELEVTYP_F":0,"ELEVTYP_T":0},"geometry":{"type":"LineString","coordinates":[[-74.000234494681,40.3257444070068],[-74.0000992930036,40.3250268592135]]}},{"type":"Feature","id":120444,"properties":{"OBJECTID":120444,"PRIMENAME":"River Avenue","ELEVTYP_F":0,"ELEVTYP_T":0},"geometry":{"type":"LineString","coordinates":[[-73.9775726313398,40.335802679078],[-73.9775668905533,40.3358352936643],[-73.9775153375805,40.3360590681707],[-73.977426108824,40.3363255803804],[-73.9773116548237,40.3366300805845],[-73.9771977514955,40.3368630993438],[-73.9771597826419,40.3369439386216],[-73.9771359663081,40.3369944800004]]}},{"type":"Feature","id":120634,"properties":{"OBJECTID":120634,"PRIMENAME":"Griffin Street","ELEVTYP_F":0,"ELEVTYP_T":0},"geometry":{"type":"LineString","coordinates":[[-73.9851887020483,40.3292487725869],[-73.9857569073214,40.3292449314487],[-73.9863234855668,40.3292570020347],[-73.9864338386617,40.3292593590745]]}},{"type":"Feature","id":121145,"properties":{"OBJECTID":121145,"PRIMENAME":"Galilee Drive","ELEVTYP_F":0,"ELEVTYP_T":0},"geometry":{"type":"LineString","coordinates":[[-73.9772776981019,40.3458546406935],[-73.9770810589449,40.3458532583042],[-73.976820119491,40.3458525448464],[-73.9766159446485,40.3458512914989],[-73.9764498365556,40.345850183084],[-73.9763076461397,40.3458506102545],[-73.9760799781965,40.3458484804345],[-73.9758094027921,40.3458505211696],[-73.9757344408672,40.3458507974649]]}},{"type":"Feature","id":121414,"properties":{"OBJECTID":121414,"PRIMENAME":"Marina Bay Drive","ELEVTYP_F":0,"ELEVTYP_T":0},"geometry":{"type":"LineString","coordinates":[[-73.9920944866414,40.3256281205974],[-73.9923374215912,40.3255741804751],[-73.9924444200703,40.3255681815016]]}},{"type":"Feature","id":121760,"properties":{"OBJECTID":121760,"PRIMENAME":"Central Road","ELEVTYP_F":0,"ELEVTYP_T":0},"geometry":{"type":"LineString","coordinates":[[-73.9742635278051,40.336844914177],[-73.974399259033,40.3368514608984],[-73.9754150766353,40.3369002690068],[-73.9755888171738,40.3369090455933]]}},{"type":"Feature","id":121865,"properties":{"OBJECTID":121865,"PRIMENAME":"River Avenue","ELEVTYP_F":0,"ELEVTYP_T":0},"geometry":{"type":"LineString","coordinates":[[-73.9772605247447,40.3286864413427],[-73.9773155979487,40.3288520338253],[-73.9775169715596,40.3293867738847],[-73.9775430937804,40.3294552748186]]}},{"type":"Feature","id":121913,"properties":{"OBJECTID":121913,"PRIMENAME":"Patten Avenue","ELEVTYP_F":0,"ELEVTYP_T":0},"geometry":{"type":"LineString","coordinates":[[-73.9916194407332,40.3244372395591],[-73.9916747335215,40.3245743431744],[-73.9917765039385,40.324826689652],[-73.9918450228857,40.3249965873415]]}},{"type":"Feature","id":123981,"properties":{"OBJECTID":123981,"PRIMENAME":"Unnamed Segment","ELEVTYP_F":0,"ELEVTYP_T":0},"geometry":{"type":"LineString","coordinates":[[-73.9913704205854,40.3348321829123],[-73.99209642032,40.3351001826858],[-73.992210421755,40.3351851841724]]}},{"type":"Feature","id":124338,"properties":{"OBJECTID":124338,"PRIMENAME":"Shore Drive","ELEVTYP_F":0,"ELEVTYP_T":0},"geometry":{"type":"LineString","coordinates":[[-73.9914753392257,40.3240792384962],[-73.9912254193704,40.3241431802927],[-73.9909854193852,40.3241921810219],[-73.9907674207464,40.3242251816235]]}},{"type":"Feature","id":126858,"properties":{"OBJECTID":126858,"PRIMENAME":"Navesink Court","ELEVTYP_F":0,"ELEVTYP_T":0},"geometry":{"type":"LineString","coordinates":[[-73.9921414206983,40.3235741806085],[-73.9915764199324,40.3236111798181]]}},{"type":"Feature","id":127616,"properties":{"OBJECTID":127616,"PRIMENAME":"Unnamed Segment","ELEVTYP_F":0,"ELEVTYP_T":0},"geometry":{"type":"LineString","coordinates":[[-73.9758074153081,40.3425351843388],[-73.9759164185846,40.3425391863132],[-73.9762104168485,40.3425931844731]]}},{"type":"Feature","id":127861,"properties":{"OBJECTID":127861,"PRIMENAME":"River Avenue","ELEVTYP_F":0,"ELEVTYP_T":0},"geometry":{"type":"LineString","coordinates":[[-73.9771913891199,40.3282655105668],[-73.9771761280216,40.3283652843534],[-73.9771755764428,40.3284367666681],[-73.9771960685185,40.3284945361845],[-73.977206047385,40.3285226645364],[-73.9772605247447,40.3286864413427]]}},{"type":"Feature","id":128663,"properties":{"OBJECTID":128663,"PRIMENAME":"Sailors Way","ELEVTYP_F":0,"ELEVTYP_T":0},"geometry":{"type":"LineString","coordinates":[[-73.9776390197884,40.3354553552922],[-73.9775325262298,40.3354443601231],[-73.9771466975837,40.3354044858779],[-73.976910199156,40.3353843372257],[-73.9767049112314,40.3353548319176],[-73.9763752969316,40.3352961299935],[-73.9759834868209,40.3352228709602],[-73.9758866256801,40.3352047532289]]}},{"type":"Feature","id":128692,"properties":{"OBJECTID":128692,"PRIMENAME":"Robbin Street","ELEVTYP_F":0,"ELEVTYP_T":0},"geometry":{"type":"LineString","coordinates":[[-73.9775430937804,40.3294552748186],[-73.9776349153902,40.3294373242932],[-73.9781587944116,40.3293348492567],[-73.9782399339308,40.3293113596819],[-73.9783385515019,40.329249214504]]}},{"type":"Feature","id":129701,"properties":{"OBJECTID":129701,"PRIMENAME":"Algonquin Avenue","ELEVTYP_F":0,"ELEVTYP_T":0},"geometry":{"type":"LineString","coordinates":[[-73.999535936578,40.3221692790024],[-73.9996343984557,40.3221824978236],[-74.0014321275169,40.322423793988],[-74.0034973241414,40.322709117676],[-74.0047011341722,40.3228767111754]]}},{"type":"Feature","id":129791,"properties":{"OBJECTID":129791,"PRIMENAME":"Channel Drive","ELEVTYP_F":0,"ELEVTYP_T":0},"geometry":{"type":"LineString","coordinates":[[-73.9814178254527,40.3353830847149],[-73.9813007721995,40.335401721247],[-73.9806024054285,40.3355129792803],[-73.9796358147782,40.3356754329818],[-73.9795841204615,40.3356836674431]]}},{"type":"Feature","id":130558,"properties":{"OBJECTID":130558,"PRIMENAME":"Sunset Lane","ELEVTYP_F":0,"ELEVTYP_T":0},"geometry":{"type":"LineString","coordinates":[[-73.9740057004228,40.34483207724],[-73.9741205689643,40.3448291401547],[-73.9743662740242,40.344822872572],[-73.9745010765537,40.344830869523],[-73.9747852278424,40.3448358393011],[-73.9749440750593,40.3448476231706],[-73.9751029303048,40.3448630860143],[-73.9752618075341,40.3448711643091],[-73.9754853116553,40.3448748971219]]}},{"type":"Feature","id":132237,"properties":{"OBJECTID":132237,"PRIMENAME":"Sunset Avenue","ELEVTYP_F":0,"ELEVTYP_T":0},"geometry":{"type":"LineString","coordinates":[[-73.9921284208247,40.3234561802131],[-73.9923184220834,40.3234421813547]]}},{"type":"Feature","id":132364,"properties":{"OBJECTID":132364,"PRIMENAME":"Unnamed Segment","ELEVTYP_F":0,"ELEVTYP_T":0},"geometry":{"type":"LineString","coordinates":[[-73.9917854218754,40.3341631832713],[-73.9914584212669,40.3340481828821],[-73.9907704209104,40.3338011838605],[-73.9907404201385,40.3337811833958],[-73.9907234203038,40.3337541835534],[-73.9907204204016,40.3337231834059],[-73.9907745501989,40.3336262062112]]}},{"type":"Feature","id":132545,"properties":{"OBJECTID":132545,"PRIMENAME":"Unnamed Segment","ELEVTYP_F":0,"ELEVTYP_T":0},"geometry":{"type":"LineString","coordinates":[[-73.9739360764819,40.3468926746623],[-73.9752844179828,40.3468901846022],[-73.975346418312,40.3469061857942],[-73.9753964149865,40.3469331861855],[-73.9756631400261,40.3471320513345],[-73.9756794165018,40.3471441848198],[-73.9758214167976,40.3472291859992]]}},{"type":"Feature","id":132662,"properties":{"OBJECTID":132662,"PRIMENAME":"Comanche Drive","ELEVTYP_F":0,"ELEVTYP_T":0},"geometry":{"type":"LineString","coordinates":[[-74.0010615028631,40.3300451427855],[-74.0010375774016,40.3299186239256],[-74.0009239457632,40.3293189940674]]}},{"type":"Feature","id":132960,"properties":{"OBJECTID":132960,"PRIMENAME":"Wardell Circle","ELEVTYP_F":0,"ELEVTYP_T":0},"geometry":{"type":"LineString","coordinates":[[-73.9980049867513,40.3214055196185],[-73.9980251430873,40.321410493134],[-73.998097871655,40.3214404024006],[-73.9981620287576,40.3214800744571],[-73.9982175172364,40.32152308543],[-73.9982558135579,40.3215725551558],[-73.9982812240503,40.3216186752899],[-73.9983023412857,40.3216680704913],[-73.9983232408771,40.321747030522],[-73.998393671303,40.3220924351164],[-73.9984516163576,40.3223852143341],[-73.9985008186165,40.3227009339959],[-73.9985044064732,40.322792995499],[-73.9985039930846,40.3228488585784],[-73.9984821676838,40.3229046288301],[-73.9984430312724,40.3229636186153],[-73.9983825069299,40.3230192480725],[-73.9983177659945,40.3230583880494],[-73.9982532171174,40.3230811135022],[-73.9981715493204,40.3231004970841],[-73.9980855312065,40.3231066851645],[-73.9980039972549,40.3231030647033],[-73.997884811001,40.3230936795917]]}},{"type":"Feature","id":135958,"properties":{"OBJECTID":135958,"PRIMENAME":"Unnamed Segment","ELEVTYP_F":0,"ELEVTYP_T":0},"geometry":{"type":"LineString","coordinates":[[-73.9948064227854,40.3253081808145],[-73.9951076192309,40.3252807685629],[-73.9951834648515,40.3252715931752],[-73.9953998782721,40.3252354583806]]}},{"type":"Feature","id":141095,"properties":{"OBJECTID":141095,"PRIMENAME":"Seawinds Way","ELEVTYP_F":0,"ELEVTYP_T":0},"geometry":{"type":"LineString","coordinates":[[-73.992644419393,40.3240581808294],[-73.9926654216635,40.3242351802521],[-73.9926804207332,40.3243641809189]]}},{"type":"Feature","id":141304,"properties":{"OBJECTID":141304,"PRIMENAME":"Unnamed Segment","ELEVTYP_F":0,"ELEVTYP_T":0},"geometry":{"type":"LineString","coordinates":[[-73.9770953132362,40.3393402720028],[-73.9769994168879,40.3393361845047],[-73.9769774163077,40.3393291842384],[-73.9769514172924,40.3393081841806],[-73.9769414166537,40.3392791839276],[-73.97694941746,40.3391301839727],[-73.9769684185502,40.3391021848906],[-73.9770044152598,40.3390851848471],[-73.9770294183395,40.3390831840669],[-73.9771034178955,40.3390911831542]]}},{"type":"Feature","id":143908,"properties":{"OBJECTID":143908,"PRIMENAME":"Unnamed Segment","ELEVTYP_F":0,"ELEVTYP_T":0},"geometry":{"type":"LineString","coordinates":[[-73.9750012718338,40.3416439208242],[-73.9753234170464,40.3416741844504]]}},{"type":"Feature","id":144600,"properties":{"OBJECTID":144600,"PRIMENAME":"Seaview Avenue","ELEVTYP_F":0,"ELEVTYP_T":0},"geometry":{"type":"LineString","coordinates":[[-73.9758866256801,40.3352047532289],[-73.9759213618027,40.3349529569113],[-73.9760112301637,40.3342843058893]]}},{"type":"Feature","id":147526,"properties":{"OBJECTID":147526,"PRIMENAME":"River Avenue","ELEVTYP_F":0,"ELEVTYP_T":0},"geometry":{"type":"LineString","coordinates":[[-73.9769982428634,40.3369942140287],[-73.9770370635317,40.3369943895485],[-73.9771284433502,40.3369932382208],[-73.9771359663081,40.3369944800004]]}},{"type":"Feature","id":149021,"properties":{"OBJECTID":149021,"PRIMENAME":"Meadow Avenue","ELEVTYP_F":0,"ELEVTYP_T":0},"geometry":{"type":"LineString","coordinates":[[-73.9880893532255,40.3320910357994],[-73.9881959608482,40.3321244768195]]}},{"type":"Feature","id":149131,"properties":{"OBJECTID":149131,"PRIMENAME":"Beach Road","ELEVTYP_F":0,"ELEVTYP_T":0},"geometry":{"type":"LineString","coordinates":[[-73.9791328667208,40.3314586674335],[-73.9784152577931,40.3316093562843],[-73.9783602473839,40.3316212967522]]}},{"type":"Feature","id":150139,"properties":{"OBJECTID":150139,"PRIMENAME":"The Circle","ELEVTYP_F":0,"ELEVTYP_T":0},"geometry":{"type":"LineString","coordinates":[[-73.9848739457508,40.3397166309589],[-73.9847800445407,40.3397374599988],[-73.9847387724982,40.3397489431904]]}},{"type":"Feature","id":150223,"properties":{"OBJECTID":150223,"PRIMENAME":"Ocean Avenue","ELEVTYP_F":0,"ELEVTYP_T":0},"geometry":{"type":"LineString","coordinates":[[-73.9769101637583,40.3233602756758],[-73.9767572436112,40.3238135575704],[-73.9763434030977,40.3250539686906]]}},{"type":"Feature","id":150787,"properties":{"OBJECTID":150787,"PRIMENAME":"South Cookman Avenue","ELEVTYP_F":0,"ELEVTYP_T":0},"geometry":{"type":"LineString","coordinates":[[-73.9837555574847,40.3221746159047],[-73.983750884056,40.3221700791702],[-73.9837276922191,40.322158830078],[-73.9836943428956,40.3221486884836],[-73.9836681793078,40.3221463209733],[-73.9836187571421,40.3221461003707],[-73.983548896614,40.3221547103796],[-73.9834921268573,40.3221633238568],[-73.9834281019737,40.322168638237],[-73.9826979002269,40.3222161360658],[-73.9826248789327,40.3222208864906],[-73.9825519903217,40.3222361525962]]}},{"type":"Feature","id":151429,"properties":{"OBJECTID":151429,"PRIMENAME":"River Avenue","ELEVTYP_F":0,"ELEVTYP_T":0},"geometry":{"type":"LineString","coordinates":[[-73.9776390197884,40.3354553552922],[-73.9776382356991,40.3354686660847],[-73.977599461214,40.3356495633859],[-73.9775726313398,40.335802679078]]}},{"type":"Feature","id":153022,"properties":{"OBJECTID":153022,"PRIMENAME":"Beach Road","ELEVTYP_F":0,"ELEVTYP_T":0},"geometry":{"type":"LineString","coordinates":[[-73.9763297821907,40.3319400634155],[-73.9759148726542,40.3320174660354],[-73.9757215992588,40.3320451670011],[-73.9755408835728,40.3320586501445],[-73.9754038955265,40.3320580289681],[-73.9752172323602,40.3320428799214],[-73.9749931569289,40.332022811639],[-73.9748359929846,40.3320059017895]]}},{"type":"Feature","id":153025,"properties":{"OBJECTID":153025,"PRIMENAME":"Ocean Avenue","ELEVTYP_F":0,"ELEVTYP_T":0},"geometry":{"type":"LineString","coordinates":[[-73.9739914606709,40.3424943476182],[-73.973993823421,40.3428922459163],[-73.9740066377173,40.3441063087726]]}},{"type":"Feature","id":154046,"properties":{"OBJECTID":154046,"PRIMENAME":"Unnamed Segment","ELEVTYP_F":0,"ELEVTYP_T":0},"geometry":{"type":"LineString","coordinates":[[-73.9912904219494,40.3250611818014],[-73.9913374205469,40.3251661813178],[-73.991662286445,40.3260263842828]]}},{"type":"Feature","id":155102,"properties":{"OBJECTID":155102,"PRIMENAME":"Shore Drive","ELEVTYP_F":0,"ELEVTYP_T":0},"geometry":{"type":"LineString","coordinates":[[-73.9907674207464,40.3242251816235],[-73.9906284215865,40.3242261809208],[-73.9904714200535,40.3242541816133],[-73.9903834204608,40.3242761806193],[-73.990132420916,40.3243621804066]]}},{"type":"Feature","id":155260,"properties":{"OBJECTID":155260,"PRIMENAME":"Island View Way","ELEVTYP_F":0,"ELEVTYP_T":0},"geometry":{"type":"LineString","coordinates":[[-73.9747751048068,40.3487542991858],[-73.9749210597988,40.348754961873],[-73.9751083989055,40.3487558121888]]}},{"type":"Feature","id":155833,"properties":{"OBJECTID":155833,"PRIMENAME":"Unnamed Segment","ELEVTYP_F":0,"ELEVTYP_T":0},"geometry":{"type":"LineString","coordinates":[[-73.974743497294,40.3483827719077],[-73.9748254155921,40.3482751857251],[-73.974897417435,40.3481511869571]]}},{"type":"Feature","id":155941,"properties":{"OBJECTID":155941,"PRIMENAME":"Park Road","ELEVTYP_F":0,"ELEVTYP_T":0},"geometry":{"type":"LineString","coordinates":[[-73.9778864170076,40.3388601842809],[-73.9772504165304,40.3388991848045],[-73.9772114152567,40.3389141845095],[-73.9771794156265,40.3389331841172],[-73.9771534165328,40.338957184235],[-73.9771204174417,40.3390121846372],[-73.9771054167212,40.3390531847144],[-73.9771034178955,40.3390911831542]]}},{"type":"Feature","id":156300,"properties":{"OBJECTID":156300,"PRIMENAME":"Riverdale Avenue","ELEVTYP_F":0,"ELEVTYP_T":0},"geometry":{"type":"LineString","coordinates":[[-73.9782361456329,40.3237719030345],[-73.9780226636732,40.3233662339926]]}},{"type":"Feature","id":157539,"properties":{"OBJECTID":157539,"PRIMENAME":"Long Branch Avenue","ELEVTYP_F":0,"ELEVTYP_T":0},"geometry":{"type":"LineString","coordinates":[[-73.9859182683722,40.3219615433573],[-73.9859745401274,40.3222644239373],[-73.9860985510486,40.3229044742683]]}},{"type":"Feature","id":157839,"properties":{"OBJECTID":157839,"PRIMENAME":"Unnamed Segment","ELEVTYP_F":0,"ELEVTYP_T":0},"geometry":{"type":"LineString","coordinates":[[-73.9944864209881,40.3253441806961],[-73.9944024209299,40.3252431799557],[-73.9943744228503,40.3250541806056],[-73.9943694216091,40.324925181538],[-73.9943814207692,40.3248991816773],[-73.9944114206741,40.3248731803327],[-73.9944414208211,40.3248611814441],[-73.9949704227729,40.3248221800772],[-73.9952164232577,40.3248041815572],[-73.995261421382,40.3248121811686],[-73.9952974217828,40.3248361803473],[-73.9953124203636,40.3248611803824],[-73.995326421621,40.3249151798155],[-73.9953574203948,40.3251261805932],[-73.9953998782721,40.3252354583806]]}},{"type":"Feature","id":158053,"properties":{"OBJECTID":158053,"PRIMENAME":"Unnamed Segment","ELEVTYP_F":0,"ELEVTYP_T":0},"geometry":{"type":"LineString","coordinates":[[-73.9912904219494,40.3250611818014],[-73.9908954196316,40.3251011812509],[-73.9905724217844,40.3251091810174],[-73.9902234208368,40.3251101806978],[-73.9901444219205,40.3251251814739],[-73.9900944196349,40.3251421806726],[-73.9900394194813,40.3251721803664],[-73.9900144205705,40.3252301803239],[-73.9900074206572,40.32525918203],[-73.9900044185506,40.3253101809092],[-73.9900134187074,40.3253701806948],[-73.9901774206906,40.3257701813057],[-73.9903634200571,40.326141180265],[-73.9904044211157,40.3261821803067],[-73.99046141889,40.3262111820418],[-73.9905124201699,40.3262241806479],[-73.9905520712666,40.3262880783066]]}},{"type":"Feature","id":158114,"properties":{"OBJECTID":158114,"PRIMENAME":"Unnamed Segment","ELEVTYP_F":0,"ELEVTYP_T":0},"geometry":{"type":"LineString","coordinates":[[-73.9751083989055,40.3487558121888],[-73.9751205104581,40.3486466705997],[-73.9751268726165,40.348531619874],[-73.9751714718384,40.3484230183808],[-73.975243417256,40.3483341859081]]}},{"type":"Feature","id":158376,"properties":{"OBJECTID":158376,"PRIMENAME":"Monmouth Parkway","ELEVTYP_F":0,"ELEVTYP_T":0},"geometry":{"type":"LineString","coordinates":[[-73.9841937525782,40.3344118387033],[-73.9842069312723,40.334574962307],[-73.9842415057671,40.3349433011745],[-73.9842550998932,40.3350766204377],[-73.9842936461378,40.3354546607757],[-73.9843233827791,40.3357945957568],[-73.9843752919047,40.3363879783669],[-73.9843858523567,40.3365039825411]]}},{"type":"Feature","id":159200,"properties":{"OBJECTID":159200,"PRIMENAME":"Serand Avenue","ELEVTYP_F":0,"ELEVTYP_T":0},"geometry":{"type":"LineString","coordinates":[[-74.0000992930036,40.3250268592135],[-74.0001923816306,40.3250397247009],[-74.0017226910786,40.3252513099022],[-74.0039931756677,40.3255708086996],[-74.0040592841008,40.3255800959763]]}},{"type":"Feature","id":160926,"properties":{"OBJECTID":160926,"PRIMENAME":"Pirates Court","ELEVTYP_F":0,"ELEVTYP_T":0},"geometry":{"type":"LineString","coordinates":[[-73.9917854218754,40.3341631832713],[-73.9913704205854,40.3348321829123]]}},{"type":"Feature","id":161138,"properties":{"OBJECTID":161138,"PRIMENAME":"Columbia Avenue","ELEVTYP_F":0,"ELEVTYP_T":0},"geometry":{"type":"LineString","coordinates":[[-73.9834863003954,40.3230266078178],[-73.9838772934512,40.3230013675614]]}},{"type":"Feature","id":161783,"properties":{"OBJECTID":161783,"PRIMENAME":"Riverdale Avenue","ELEVTYP_F":0,"ELEVTYP_T":0},"geometry":{"type":"LineString","coordinates":[[-73.9775950011163,40.3226204095499],[-73.9774969492852,40.3224102612171],[-73.9774755456984,40.3223672844183],[-73.9774738030334,40.3223565965954]]}},{"type":"Feature","id":162553,"properties":{"OBJECTID":162553,"PRIMENAME":"Seacrest Road","ELEVTYP_F":0,"ELEVTYP_T":0},"geometry":{"type":"LineString","coordinates":[[-73.9748893316432,40.3425797947587],[-73.9751637210489,40.3426115667647],[-73.9751955422772,40.3426164945029],[-73.9754331206672,40.3426532802878],[-73.9762172363099,40.3427747946012]]}},{"type":"Feature","id":166027,"properties":{"OBJECTID":166027,"PRIMENAME":"Anchors Way","ELEVTYP_F":0,"ELEVTYP_T":0},"geometry":{"type":"LineString","coordinates":[[-73.989542726384,40.3309037102012],[-73.9896128424988,40.3309431934787],[-73.9899926451939,40.3311569354064],[-73.990067085148,40.3311988260021]]}},{"type":"Feature","id":168076,"properties":{"OBJECTID":168076,"PRIMENAME":"Sydney Place","ELEVTYP_F":0,"ELEVTYP_T":0},"geometry":{"type":"LineString","coordinates":[[-73.9799216227403,40.3245202480213],[-73.9799389050415,40.3245864030562],[-73.9801809020143,40.3255121005591],[-73.9801936557309,40.3255608850114]]}},{"type":"Feature","id":168970,"properties":{"OBJECTID":168970,"PRIMENAME":"Seaview Avenue","ELEVTYP_F":0,"ELEVTYP_T":0},"geometry":{"type":"LineString","coordinates":[[-73.9751072040393,40.339770945287],[-73.9751189256494,40.3396888077755],[-73.975322588847,40.3382671471307],[-73.9753989194435,40.3377404718823],[-73.9755059302431,40.336985453015],[-73.9755888171738,40.3369090455933]]}},{"type":"Feature","id":169601,"properties":{"OBJECTID":169601,"PRIMENAME":"Navesink Court","ELEVTYP_F":0,"ELEVTYP_T":0},"geometry":{"type":"LineString","coordinates":[[-73.9921284208247,40.3234561802131],[-73.9921414206983,40.3235741806085]]}},{"type":"Feature","id":170220,"properties":{"OBJECTID":170220,"PRIMENAME":"Unnamed Segment","ELEVTYP_F":0,"ELEVTYP_T":0},"geometry":{"type":"LineString","coordinates":[[-73.9825679736692,40.3252185448025],[-73.982555419332,40.3250851820408],[-73.9823794167544,40.3243731810384],[-73.9823874166118,40.324352180271],[-73.9824004164834,40.3243371813139],[-73.9824334174029,40.3243221817794],[-73.9827234182243,40.3243421809941],[-73.9830534167892,40.3243701813068],[-73.9831374166861,40.3243711817081],[-73.9832984163396,40.3243601816502]]}},{"type":"Feature","id":173608,"properties":{"OBJECTID":173608,"PRIMENAME":"Seaview Avenue","ELEVTYP_F":0,"ELEVTYP_T":0},"geometry":{"type":"LineString","coordinates":[[-73.9750012718338,40.3416439208242],[-73.9749976200555,40.3416710246411],[-73.9749333608955,40.342210245176],[-73.9749225250361,40.342301171598]]}},{"type":"Feature","id":173758,"properties":{"OBJECTID":173758,"PRIMENAME":"Shrewsbury Drive","ELEVTYP_F":0,"ELEVTYP_T":0},"geometry":{"type":"LineString","coordinates":[[-73.9831590386427,40.3344646771812],[-73.9831636874258,40.3344855066148],[-73.9832055622627,40.334714423269],[-73.983271130767,40.3351007725121],[-73.9833419631513,40.3356062591044],[-73.9835279399587,40.336536473923]]}},{"type":"Feature","id":173815,"properties":{"OBJECTID":173815,"PRIMENAME":"Tocci Avenue","ELEVTYP_F":0,"ELEVTYP_T":0},"geometry":{"type":"LineString","coordinates":[[-73.9864338386617,40.3292593590745],[-73.9864241404414,40.3291239776182],[-73.9864047116455,40.3288619995183]]}},{"type":"Feature","id":174831,"properties":{"OBJECTID":174831,"PRIMENAME":"Ice House Road","ELEVTYP_F":0,"ELEVTYP_T":0},"geometry":{"type":"LineString","coordinates":[[-73.9769894251414,40.340113548827],[-73.9769698500738,40.3401283516765],[-73.9769117927525,40.3401575998668],[-73.9767718861084,40.3401938073081],[-73.9760333324992,40.3404005535251],[-73.9758788447885,40.3404477574262],[-73.9758016727239,40.340462149569],[-73.9757438795303,40.3404618876417],[-73.9756812783788,40.3404616038915],[-73.9756236277999,40.3404429224398],[-73.9755604558649,40.3404277356692],[-73.9754986185503,40.3404128719451],[-73.9754119174042,40.3404161570228],[-73.9752385860037,40.3404043080948],[-73.9751692032788,40.3403995738073]]}},{"type":"Feature","id":175307,"properties":{"OBJECTID":175307,"PRIMENAME":"Central Road","ELEVTYP_F":0,"ELEVTYP_T":0},"geometry":{"type":"LineString","coordinates":[[-73.9766814155144,40.3381271847152],[-73.9762904160279,40.3381391842377]]}},{"type":"Feature","id":178520,"properties":{"OBJECTID":178520,"PRIMENAME":"Valentine Street","ELEVTYP_F":0,"ELEVTYP_T":0},"geometry":{"type":"LineString","coordinates":[[-73.9772561815474,40.3265182431547],[-73.9783021510392,40.326085102722],[-73.9786019820684,40.3259625363822],[-73.979108024451,40.3257503337217],[-73.9792285988567,40.3257055260075]]}},{"type":"Feature","id":180616,"properties":{"OBJECTID":180616,"PRIMENAME":"Central Road","ELEVTYP_F":0,"ELEVTYP_T":0},"geometry":{"type":"LineString","coordinates":[[-73.9780673808561,40.3372345634993],[-73.9783304838393,40.3373078015907]]}},{"type":"Feature","id":181254,"properties":{"OBJECTID":181254,"PRIMENAME":"Unnamed Segment","ELEVTYP_F":0,"ELEVTYP_T":0},"geometry":{"type":"LineString","coordinates":[[-73.9783304838393,40.3373078015907],[-73.9783894167353,40.337543184201],[-73.9783854177932,40.337570183907],[-73.978147418204,40.3378811833851],[-73.9781084177027,40.3379071830541],[-73.9780604173821,40.3379231835991],[-73.9779304164972,40.3379291833853],[-73.9778404185961,40.3379461840384],[-73.9776034167488,40.3380781833423],[-73.9775514183907,40.3380971837012],[-73.9774634172444,40.3381091836564],[-73.9766814155144,40.3381271847152]]}},{"type":"Feature","id":181691,"properties":{"OBJECTID":181691,"PRIMENAME":"Mann Court","ELEVTYP_F":0,"ELEVTYP_T":0},"geometry":{"type":"LineString","coordinates":[[-73.9864047116455,40.3288619995183],[-73.9865093543434,40.3288557938425],[-73.9875141500147,40.3287964268294],[-73.9875665064981,40.3287933335641]]}},{"type":"Feature","id":182177,"properties":{"OBJECTID":182177,"PRIMENAME":"Shore Drive","ELEVTYP_F":0,"ELEVTYP_T":0},"geometry":{"type":"LineString","coordinates":[[-73.9892434200505,40.3228661797744],[-73.9890674211682,40.3229201812313],[-73.9888674178293,40.3229431794279]]}},{"type":"Feature","id":182192,"properties":{"OBJECTID":182192,"PRIMENAME":"Unnamed Segment","ELEVTYP_F":0,"ELEVTYP_T":0},"geometry":{"type":"LineString","coordinates":[[-73.9743264164468,40.3480321869925],[-73.9744354176729,40.348070186286],[-73.9745144178848,40.3480831867465],[-73.9745954161571,40.3480871852298],[-73.9746444172185,40.3480841861841],[-73.9746864154112,40.348081185034],[-73.974897417435,40.3481511869571]]}},{"type":"Feature","id":185204,"properties":{"OBJECTID":185204,"PRIMENAME":"Rivergate Way","ELEVTYP_F":0,"ELEVTYP_T":0},"geometry":{"type":"LineString","coordinates":[[-73.9946094214973,40.3244801815721],[-73.9947744208779,40.3244831809734],[-73.994821421589,40.3244761801073],[-73.9948694221447,40.3244491809687]]}},{"type":"Feature","id":185714,"properties":{"OBJECTID":185714,"PRIMENAME":"Unnamed Segment","ELEVTYP_F":0,"ELEVTYP_T":0},"geometry":{"type":"LineString","coordinates":[[-73.9946734217318,40.324315181292],[-73.9946554230733,40.324150179448]]}},{"type":"Feature","id":186210,"properties":{"OBJECTID":186210,"PRIMENAME":"Marina Bay Drive","ELEVTYP_F":0,"ELEVTYP_T":0},"geometry":{"type":"LineString","coordinates":[[-73.993088422614,40.32549918004],[-73.993208421493,40.3254881819588],[-73.9933244218525,40.325488180332]]}},{"type":"Feature","id":187447,"properties":{"OBJECTID":187447,"PRIMENAME":"Columbia Avenue","ELEVTYP_F":0,"ELEVTYP_T":0},"geometry":{"type":"LineString","coordinates":[[-73.9800926298901,40.3232356328593],[-73.9813225074211,40.3231634652552],[-73.9817480152888,40.323136986433]]}},{"type":"Feature","id":188100,"properties":{"OBJECTID":188100,"PRIMENAME":"West Street","ELEVTYP_F":0,"ELEVTYP_T":0},"geometry":{"type":"LineString","coordinates":[[-73.9814178254527,40.3353830847149],[-73.9813404502537,40.3351016569899],[-73.9812072166324,40.3346053875762],[-73.9811838834033,40.3345114494088]]}},{"type":"Feature","id":188140,"properties":{"OBJECTID":188140,"PRIMENAME":"Shore Drive","ELEVTYP_F":0,"ELEVTYP_T":0},"geometry":{"type":"LineString","coordinates":[[-73.9915619864899,40.3226256983508],[-73.9915524218013,40.3226241810406],[-73.9913634212848,40.3225941806966],[-73.9907724189389,40.3225181809075],[-73.9907064209,40.3225051803354],[-73.9906454207396,40.3224861808603],[-73.9905974206185,40.322465181506],[-73.9904084202228,40.3223291807356]]}},{"type":"Feature","id":188421,"properties":{"OBJECTID":188421,"PRIMENAME":"Navesink Court","ELEVTYP_F":0,"ELEVTYP_T":0},"geometry":{"type":"LineString","coordinates":[[-73.9921414206983,40.3235741806085],[-73.9921754205655,40.3238631812557]]}},{"type":"Feature","id":188757,"properties":{"OBJECTID":188757,"PRIMENAME":"Gail Drive","ELEVTYP_F":0,"ELEVTYP_T":0},"geometry":{"type":"LineString","coordinates":[[-73.992911409623,40.3299781325748],[-73.9927684862956,40.3301290137732],[-73.992404465147,40.3305134736999],[-73.9917287812248,40.3312278928351],[-73.9916323990181,40.3313297987444]]}},{"type":"Feature","id":189489,"properties":{"OBJECTID":189489,"PRIMENAME":"Valentine Street","ELEVTYP_F":0,"ELEVTYP_T":0},"geometry":{"type":"LineString","coordinates":[[-73.9825679736692,40.3252185448025],[-73.9834408522267,40.325088240446]]}},{"type":"Feature","id":189971,"properties":{"OBJECTID":189971,"PRIMENAME":"Rivergate Way","ELEVTYP_F":0,"ELEVTYP_T":0},"geometry":{"type":"LineString","coordinates":[[-73.9926804207332,40.3243641809189],[-73.9935644203648,40.3243071800959],[-73.9936034201075,40.324315181111],[-73.9936354196173,40.3243341808768],[-73.9936574198425,40.3243601817796],[-73.9936784213715,40.3244311803717],[-73.9937104200929,40.3244751813599],[-73.9937574220997,40.3245111808429],[-73.9938174214942,40.3245351810299],[-73.9938834213926,40.3245441809325],[-73.9944244231616,40.3245071799695],[-73.9946094214973,40.3244801815721]]}},{"type":"Feature","id":190398,"properties":{"OBJECTID":190398,"PRIMENAME":"Unnamed Segment","ELEVTYP_F":0,"ELEVTYP_T":0},"geometry":{"type":"LineString","coordinates":[[-73.9780673808561,40.3372345634993],[-73.9779734180178,40.3374501841275]]}},{"type":"Feature","id":191608,"properties":{"OBJECTID":191608,"PRIMENAME":"Park Road","ELEVTYP_F":0,"ELEVTYP_T":0},"geometry":{"type":"LineString","coordinates":[[-73.9751072040393,40.339770945287],[-73.975166419342,40.339777473508],[-73.9752514471539,40.3397908989037]]}},{"type":"Feature","id":192345,"properties":{"OBJECTID":192345,"PRIMENAME":"Manahassett Pike Drive","ELEVTYP_F":0,"ELEVTYP_T":0},"geometry":{"type":"LineString","coordinates":[[-73.986163165613,40.3232379950861],[-73.9860791726605,40.3232466537245],[-73.9856803472926,40.3232877892562],[-73.9856241815888,40.3233018419077],[-73.9855927608776,40.3233398052462],[-73.9855179454321,40.3233490257654],[-73.9848073365759,40.3234507019673]]}},{"type":"Feature","id":193294,"properties":{"OBJECTID":193294,"PRIMENAME":"Frances Avenue","ELEVTYP_F":0,"ELEVTYP_T":0},"geometry":{"type":"LineString","coordinates":[[-73.9901329743202,40.3327819132094],[-73.9907722545236,40.3322458473064],[-73.9908473654817,40.3321985217162],[-73.9909409503829,40.3321846303407],[-73.991015524255,40.3321945126228],[-73.9910962331123,40.3322282215891],[-73.9923987005714,40.3329440710304],[-73.9925041617704,40.3330017161887],[-73.9925786300995,40.3330354246598],[-73.9926655813507,40.3330596066926],[-73.9928337791444,40.3330651204305],[-73.9935005439839,40.333103669918],[-73.9936367798934,40.3331115463464]]}},{"type":"Feature","id":193388,"properties":{"OBJECTID":193388,"PRIMENAME":"Bayonne Avenue","ELEVTYP_F":0,"ELEVTYP_T":0},"geometry":{"type":"LineString","coordinates":[[-73.9874250856382,40.3345615959098],[-73.9874280938731,40.3347093548977]]}},{"type":"Feature","id":193994,"properties":{"OBJECTID":193994,"PRIMENAME":"Meadow Avenue","ELEVTYP_F":0,"ELEVTYP_T":0},"geometry":{"type":"LineString","coordinates":[[-73.9897544243043,40.3332721821117],[-73.9899668955222,40.3333432592424],[-73.9902360096958,40.3334375396413],[-73.9907745501989,40.3336262062112]]}},{"type":"Feature","id":194726,"properties":{"OBJECTID":194726,"PRIMENAME":"Sunset Avenue","ELEVTYP_F":0,"ELEVTYP_T":0},"geometry":{"type":"LineString","coordinates":[[-73.9913532628141,40.3235166550997],[-73.9917724200107,40.3234781805149]]}},{"type":"Feature","id":195758,"properties":{"OBJECTID":195758,"PRIMENAME":"Spalding Place","ELEVTYP_F":0,"ELEVTYP_T":0},"geometry":{"type":"LineString","coordinates":[[-73.9893619964736,40.3341940161004],[-73.9893766010042,40.3339888228493],[-73.9893834174396,40.3339173402572],[-73.9894087420148,40.3338555204996],[-73.9894970218786,40.3337129126923],[-73.9897052195885,40.3333563795895],[-73.9897544243043,40.3332721821117]]}},{"type":"Feature","id":195857,"properties":{"OBJECTID":195857,"PRIMENAME":"South Road","ELEVTYP_F":0,"ELEVTYP_T":0},"geometry":{"type":"LineString","coordinates":[[-73.984116583518,40.3324061313696],[-73.9840647678008,40.3324084527186],[-73.9840139559185,40.3324107794227]]}},{"type":"Feature","id":198501,"properties":{"OBJECTID":198501,"PRIMENAME":"Wesley Street","ELEVTYP_F":0,"ELEVTYP_T":0},"geometry":{"type":"LineString","coordinates":[[-73.986380002012,40.3317382231397],[-73.9853653821489,40.3315975511192],[-73.9852412837929,40.3315814617853]]}},{"type":"Feature","id":198754,"properties":{"OBJECTID":198754,"PRIMENAME":"Riverdale Avenue","ELEVTYP_F":0,"ELEVTYP_T":0},"geometry":{"type":"LineString","coordinates":[[-73.9805440838884,40.3283681041399],[-73.9803059145915,40.327886103764],[-73.9801188896317,40.3275033514162]]}},{"type":"Feature","id":199634,"properties":{"OBJECTID":199634,"PRIMENAME":"Seaview Avenue","ELEVTYP_F":0,"ELEVTYP_T":0},"geometry":{"type":"LineString","coordinates":[[-73.9768563864741,40.3281380190096],[-73.9768909810646,40.3278849857463],[-73.9770495350322,40.3266842406737],[-73.9770608104432,40.3265989160462]]}},{"type":"Feature","id":200088,"properties":{"OBJECTID":200088,"PRIMENAME":"River Avenue","ELEVTYP_F":0,"ELEVTYP_T":0},"geometry":{"type":"LineString","coordinates":[[-73.9783602473839,40.3316212967522],[-73.9784080799917,40.3317356304909],[-73.9785002362036,40.3319028440921],[-73.9786907578552,40.3322325499066],[-73.9788074437219,40.3324427808653],[-73.9788646063959,40.3325709364172]]}},{"type":"Feature","id":200372,"properties":{"OBJECTID":200372,"PRIMENAME":"Patten Avenue","ELEVTYP_F":0,"ELEVTYP_T":0},"geometry":{"type":"LineString","coordinates":[[-73.9917269780809,40.3219221407771],[-73.9916782088913,40.3221301315873]]}},{"type":"Feature","id":200431,"properties":{"OBJECTID":200431,"PRIMENAME":"Drew Court","ELEVTYP_F":0,"ELEVTYP_T":0},"geometry":{"type":"LineString","coordinates":[[-73.9797355791934,40.3267160353155],[-73.9798230265645,40.3267019893104],[-73.980371698788,40.3266138639786],[-73.980577436448,40.32658146111],[-73.9806646304288,40.3265818526004],[-73.9807766051977,40.3265966576285],[-73.9808884340678,40.3266305134084],[-73.9809752985002,40.3266737832799],[-73.9812042140912,40.3268606869396]]}},{"type":"Feature","id":200596,"properties":{"OBJECTID":200596,"PRIMENAME":"Comanche Drive","ELEVTYP_F":0,"ELEVTYP_T":0},"geometry":{"type":"LineString","coordinates":[[-74.0000992930036,40.3250268592135],[-74.0000373362368,40.3246982382922],[-73.9999561968248,40.3243102929911]]}},{"type":"Feature","id":202443,"properties":{"OBJECTID":202443,"PRIMENAME":"Comanche Drive","ELEVTYP_F":0,"ELEVTYP_T":0},"geometry":{"type":"LineString","coordinates":[[-74.0006556676952,40.327894040408],[-74.0005175697528,40.3271790342046]]}},{"type":"Feature","id":203909,"properties":{"OBJECTID":203909,"PRIMENAME":"Unnamed Segment","ELEVTYP_F":0,"ELEVTYP_T":0},"geometry":{"type":"LineString","coordinates":[[-73.9778158802302,40.3371673719233],[-73.9777644156943,40.3372811836611],[-73.9777384182164,40.3373021838563],[-73.9777054176123,40.3373161840845],[-73.9776694173953,40.3373221846823],[-73.9776314161801,40.3373211844759],[-73.9773134151989,40.3372351839891],[-73.9771194162403,40.33719218373],[-73.9770854187993,40.337179183151],[-73.9770544165007,40.3371611830776],[-73.977006416669,40.3371161838734],[-73.9769854166316,40.3370761837611],[-73.9769982428634,40.3369942140287]]}},{"type":"Feature","id":204466,"properties":{"OBJECTID":204466,"PRIMENAME":"Manahasset Pike Drive","ELEVTYP_F":0,"ELEVTYP_T":0},"geometry":{"type":"LineString","coordinates":[[-73.9860985510486,40.3229044742683],[-73.9852094188947,40.3229611808735],[-73.9849334183243,40.322986181147]]}},{"type":"Feature","id":204880,"properties":{"OBJECTID":204880,"PRIMENAME":"Lori Road","ELEVTYP_F":0,"ELEVTYP_T":0},"geometry":{"type":"LineString","coordinates":[[-73.992911409623,40.3299781325748],[-73.9930619981891,40.3300254338222],[-73.9933229124023,40.3301123641451],[-73.9935527651615,40.3301848834443],[-73.993726804301,40.3302333015301],[-73.9938882536765,40.3302911904762],[-73.993962578457,40.3303486980916],[-73.9939932136451,40.3304155677771],[-73.9939989207526,40.3304823013937],[-73.9939797710877,40.3305489532957],[-73.9938479229525,40.3306913460748],[-73.9934456536808,40.3311159136647]]}},{"type":"Feature","id":206561,"properties":{"OBJECTID":206561,"PRIMENAME":"Anderson Street","ELEVTYP_F":0,"ELEVTYP_T":0},"geometry":{"type":"LineString","coordinates":[[-73.9796789444184,40.3265990820663],[-73.9795993871697,40.3266318592149],[-73.9781688326293,40.3272211768523],[-73.9773442488783,40.3275606037917],[-73.9773004484849,40.3275889835985],[-73.9772815040986,40.3276222788917],[-73.9772488277081,40.3278222842117],[-73.977195807873,40.3282367060467],[-73.9771913891199,40.3282655105668]]}},{"type":"Feature","id":207240,"properties":{"OBJECTID":207240,"PRIMENAME":"Meadow Avenue","ELEVTYP_F":0,"ELEVTYP_T":0},"geometry":{"type":"LineString","coordinates":[[-73.9918786177803,40.3340260703093],[-73.9923333135352,40.3341924628222],[-73.9929508214944,40.3344226517251]]}},{"type":"Feature","id":207439,"properties":{"OBJECTID":207439,"PRIMENAME":"Jessica Place","ELEVTYP_F":0,"ELEVTYP_T":0},"geometry":{"type":"LineString","coordinates":[[-73.9799216227403,40.3245202480213],[-73.9787865215034,40.324638426017],[-73.9786935500234,40.3246481097077]]}},{"type":"Feature","id":208607,"properties":{"OBJECTID":208607,"PRIMENAME":"Central Road","ELEVTYP_F":0,"ELEVTYP_T":0},"geometry":{"type":"LineString","coordinates":[[-73.9778158802302,40.3371673719233],[-73.977994061447,40.3372141544208],[-73.9780673808561,40.3372345634993]]}},{"type":"Feature","id":209884,"properties":{"OBJECTID":209884,"PRIMENAME":"Riverdale Avenue","ELEVTYP_F":0,"ELEVTYP_T":0},"geometry":{"type":"LineString","coordinates":[[-73.9786420619464,40.324546342509],[-73.9785458357364,40.3243561510235],[-73.9784586499998,40.3241922263391]]}},{"type":"Feature","id":210046,"properties":{"OBJECTID":210046,"PRIMENAME":"Lori Road","ELEVTYP_F":0,"ELEVTYP_T":0},"geometry":{"type":"LineString","coordinates":[[-73.9934456536808,40.3311159136647],[-73.9932453125721,40.3313273497301],[-73.9929439500729,40.3316548762984],[-73.9929117250629,40.3317092812595],[-73.9929069851041,40.3317769850517],[-73.9929275946117,40.3318415873403],[-73.9929609496185,40.3318901589375],[-73.9930112852055,40.3319226076146],[-73.9930827601195,40.3319487263567],[-73.9931711062091,40.3319684667021],[-73.9934911481579,40.3320118155199],[-73.993558572089,40.3320088710855],[-73.9936134177605,40.3319994480945],[-73.993664198761,40.3319770775174],[-73.9937065756669,40.3319417953058],[-73.9937577664439,40.3318645767386],[-73.9939536675875,40.3315944833923],[-73.9939835495925,40.331546243664],[-73.993996609405,40.3314882402204],[-73.9939843445035,40.3314398161173],[-73.9939551373484,40.3313977143313],[-73.9938838907359,40.3313457934263],[-73.9934456536808,40.3311159136647]]}},{"type":"Feature","id":211953,"properties":{"OBJECTID":211953,"PRIMENAME":"Patten Avenue","ELEVTYP_F":0,"ELEVTYP_T":0},"geometry":{"type":"LineString","coordinates":[[-73.9916782088913,40.3221301315873],[-73.9915619864899,40.3226256983508]]}},{"type":"Feature","id":212060,"properties":{"OBJECTID":212060,"PRIMENAME":"Valentine Street","ELEVTYP_F":0,"ELEVTYP_T":0},"geometry":{"type":"LineString","coordinates":[[-73.981247824788,40.325408976449],[-73.9823561656212,40.3252501621115],[-73.9825679736692,40.3252185448025]]}},{"type":"Feature","id":213994,"properties":{"OBJECTID":213994,"PRIMENAME":"Ocean Avenue","ELEVTYP_F":0,"ELEVTYP_T":0},"geometry":{"type":"LineString","coordinates":[[-73.9756851732494,40.3271155118075],[-73.9756614824367,40.3272150823825],[-73.9756201668357,40.3274137844724]]}},{"type":"Feature","id":217079,"properties":{"OBJECTID":217079,"PRIMENAME":"Seaview Avenue","ELEVTYP_F":0,"ELEVTYP_T":0},"geometry":{"type":"LineString","coordinates":[[-73.9751692032788,40.3403995738073],[-73.9751502841864,40.3405395697874],[-73.9750844863779,40.3410264368126],[-73.9750012718338,40.3416439208242]]}},{"type":"Feature","id":217328,"properties":{"OBJECTID":217328,"PRIMENAME":"Spalding Place","ELEVTYP_F":0,"ELEVTYP_T":0},"geometry":{"type":"LineString","coordinates":[[-73.9893487596642,40.3343795055098],[-73.9893619964736,40.3341940161004]]}},{"type":"Feature","id":217979,"properties":{"OBJECTID":217979,"PRIMENAME":"Pocano Avenue","ELEVTYP_F":0,"ELEVTYP_T":0},"geometry":{"type":"LineString","coordinates":[[-74.0010615028631,40.3300451427855],[-74.0007576294726,40.3300036697842],[-73.9995731073946,40.3298410596776]]}},{"type":"Feature","id":219520,"properties":{"OBJECTID":219520,"PRIMENAME":"Patten Avenue","ELEVTYP_F":0,"ELEVTYP_T":0},"geometry":{"type":"LineString","coordinates":[[-73.9920063971587,40.3281004306474],[-73.9919132390311,40.32823882296]]}},{"type":"Feature","id":219691,"properties":{"OBJECTID":219691,"PRIMENAME":"Club Circle","ELEVTYP_F":0,"ELEVTYP_T":0},"geometry":{"type":"LineString","coordinates":[[-73.9788646063959,40.3325709364172],[-73.9788334554266,40.3326007742772],[-73.9787344015628,40.3326956403597],[-73.978652123702,40.3327454241717],[-73.978527002503,40.3328201060551],[-73.9783921852816,40.3328821709768],[-73.9782870307032,40.3329168077748],[-73.9781786874394,40.332941410338],[-73.9780212445215,40.3329557435726],[-73.9778638721503,40.3329700769112],[-73.977690132104,40.3329718179677],[-73.9774149399003,40.3329605282696],[-73.9773645202382,40.3329584604426],[-73.9773640178788,40.3329044352622],[-73.9773634432316,40.3328423894482],[-73.9773676543272,40.3327195604341],[-73.9773850561465,40.3325841917916],[-73.9774024327013,40.3324613952319],[-73.9774127840661,40.332393718362],[-73.9774528735045,40.3322885664015],[-73.9775332948912,40.3320656904233],[-73.9775635525799,40.3319655448677],[-73.9775641328211,40.3318903015997],[-73.9775647680933,40.3318079218111]]}},{"type":"Feature","id":222197,"properties":{"OBJECTID":222197,"PRIMENAME":"Winhar Place","ELEVTYP_F":0,"ELEVTYP_T":0},"geometry":{"type":"LineString","coordinates":[[-73.981247824788,40.325408976449],[-73.9812345020799,40.3253500319907],[-73.9810297187636,40.3244435281018],[-73.9810234730678,40.3244159653046]]}},{"type":"Feature","id":222596,"properties":{"OBJECTID":222596,"PRIMENAME":"Riverdale Avenue","ELEVTYP_F":0,"ELEVTYP_T":0},"geometry":{"type":"LineString","coordinates":[[-73.9792285988567,40.3257055260075],[-73.9791960233139,40.3256411141423],[-73.9788303317339,40.3249184257734],[-73.9786935500234,40.3246481097077]]}},{"type":"Feature","id":222652,"properties":{"OBJECTID":222652,"PRIMENAME":"Ocean Avenue","ELEVTYP_F":0,"ELEVTYP_T":0},"geometry":{"type":"LineString","coordinates":[[-73.9739457740658,40.3467153538014],[-73.9739453942764,40.3467202993436],[-73.9739360764819,40.3468926746623]]}},{"type":"Feature","id":224929,"properties":{"OBJECTID":224929,"PRIMENAME":"Manhassett Avenue","ELEVTYP_F":0,"ELEVTYP_T":0},"geometry":{"type":"LineString","coordinates":[[-73.9862709102686,40.3247092959509],[-73.9850395334437,40.3248529402627]]}},{"type":"Feature","id":225112,"properties":{"OBJECTID":225112,"PRIMENAME":"Ocean Avenue","ELEVTYP_F":0,"ELEVTYP_T":0},"geometry":{"type":"LineString","coordinates":[[-73.9740066377173,40.3441063087726],[-73.9740065021983,40.344211195179],[-73.9740057004228,40.34483207724]]}},{"type":"Feature","id":225903,"properties":{"OBJECTID":225903,"PRIMENAME":"Riverdale Avenue","ELEVTYP_F":0,"ELEVTYP_T":0},"geometry":{"type":"LineString","coordinates":[[-73.9821860320767,40.3315722547858],[-73.9821708611079,40.3315690201786],[-73.9820905230239,40.3314876495303],[-73.9819554685491,40.3312296833517],[-73.9818513303219,40.331005208456],[-73.9818204869411,40.3309669393709]]}},{"type":"Feature","id":227491,"properties":{"OBJECTID":227491,"PRIMENAME":"Marina Bay Drive","ELEVTYP_F":0,"ELEVTYP_T":0},"geometry":{"type":"LineString","coordinates":[[-73.9926434215139,40.3255561814359],[-73.9928124211203,40.3255391814573],[-73.993088422614,40.32549918004]]}},{"type":"Feature","id":231323,"properties":{"OBJECTID":231323,"PRIMENAME":"Riverview Road","ELEVTYP_F":0,"ELEVTYP_T":0},"geometry":{"type":"LineString","coordinates":[[-73.9740050555455,40.3453077328324],[-73.9741264989973,40.3453082850394],[-73.9743865710288,40.3453094671656],[-73.9747141276251,40.3453109552027],[-73.9750030801096,40.3453122670974],[-73.9751284411586,40.3452980662734],[-73.9753020910166,40.3452657201229],[-73.975466012715,40.3452480155954],[-73.9755960229804,40.3452449268536],[-73.9757116540184,40.3452454510435],[-73.9757982540602,40.3452605853922],[-73.9758797470266,40.345305179315],[-73.9759419612774,40.3453607494193],[-73.9759946093015,40.3454052134668],[-73.9760666080344,40.3454387006593],[-73.9761532380365,40.3454501566231],[-73.9763698571453,40.3454658793253],[-73.9764901179977,40.3454848437924],[-73.9766488829458,40.3455076606154],[-73.9768511936492,40.3455085758338],[-73.9775495470845,40.3455154385192]]}},{"type":"Feature","id":231426,"properties":{"OBJECTID":231426,"PRIMENAME":"Renwick Place","ELEVTYP_F":0,"ELEVTYP_T":0},"geometry":{"type":"LineString","coordinates":[[-73.9925108666901,40.3266665479074],[-73.9926415170034,40.3266689880629],[-73.9939677422524,40.3266938766748],[-73.9948465246417,40.3266977175675]]}},{"type":"Feature","id":231976,"properties":{"OBJECTID":231976,"PRIMENAME":"Park Road","ELEVTYP_F":0,"ELEVTYP_T":0},"geometry":{"type":"LineString","coordinates":[[-73.9771034178955,40.3390911831542],[-73.9770953132362,40.3393402720028]]}},{"type":"Feature","id":232145,"properties":{"OBJECTID":232145,"PRIMENAME":"Comanche Drive","ELEVTYP_F":0,"ELEVTYP_T":0},"geometry":{"type":"LineString","coordinates":[[-74.0005175697528,40.3271790342046],[-74.0004479515825,40.3268186730298],[-74.0003777674971,40.3264670123633]]}},{"type":"Feature","id":233874,"properties":{"OBJECTID":233874,"PRIMENAME":"Comanche Drive","ELEVTYP_F":0,"ELEVTYP_T":0},"geometry":{"type":"LineString","coordinates":[[-73.9999561968248,40.3243102929911],[-73.9998764109777,40.323928804845],[-73.9998105403778,40.3235912170239]]}},{"type":"Feature","id":235824,"properties":{"OBJECTID":235824,"PRIMENAME":"Jessica Place","ELEVTYP_F":0,"ELEVTYP_T":0},"geometry":{"type":"LineString","coordinates":[[-73.9812228953341,40.3244205930184],[-73.9810234730678,40.3244159653046]]}},{"type":"Feature","id":240349,"properties":{"OBJECTID":240349,"PRIMENAME":"Park Road","ELEVTYP_F":0,"ELEVTYP_T":0},"geometry":{"type":"LineString","coordinates":[[-73.9770953132362,40.3393402720028],[-73.9770912884628,40.3394639879484]]}},{"type":"Feature","id":240552,"properties":{"OBJECTID":240552,"PRIMENAME":"Riverdale Avenue","ELEVTYP_F":0,"ELEVTYP_T":0},"geometry":{"type":"LineString","coordinates":[[-73.9812370401277,40.3297645101075],[-73.981201260864,40.329691657071],[-73.980931385569,40.3291519209336],[-73.980857775879,40.3290028559138]]}},{"type":"Feature","id":241847,"properties":{"OBJECTID":241847,"PRIMENAME":"Highland Avenue","ELEVTYP_F":0,"ELEVTYP_T":0},"geometry":{"type":"LineString","coordinates":[[-73.9936023462187,40.3354750240222],[-73.9936627653149,40.3354660478237],[-73.9939747025095,40.3353959001889],[-73.9944244466208,40.3352652691887],[-73.9946050661006,40.335212806537],[-73.9949171432245,40.3351236054711],[-73.9949981417774,40.3351191829645],[-73.9950728268984,40.3351242851585],[-73.9951411642999,40.3351484119942],[-73.9952031173542,40.3351915894417],[-73.9952338992481,40.3352393808758],[-73.9952582257346,40.3353204979817],[-73.9953361700236,40.3357211689009],[-73.9953782636541,40.3359263364368],[-73.9954213864147,40.3359884831053],[-73.9954895475497,40.3360364095935],[-73.9955827457488,40.3360653937337],[-73.9957882227229,40.336071066646],[-73.9967098873856,40.3360846057951]]}},{"type":"Feature","id":242672,"properties":{"OBJECTID":242672,"PRIMENAME":"Cottage Road","ELEVTYP_F":0,"ELEVTYP_T":0},"geometry":{"type":"LineString","coordinates":[[-73.9776959083381,40.3343069965999],[-73.9775475151923,40.3343148907539],[-73.9772172825435,40.3343324502261],[-73.9768934009153,40.3343357630461],[-73.9765010421866,40.3343339880156]]}},{"type":"Feature","id":243078,"properties":{"OBJECTID":243078,"PRIMENAME":"Valentine Street","ELEVTYP_F":0,"ELEVTYP_T":0},"geometry":{"type":"LineString","coordinates":[[-73.975249529244,40.327057836425],[-73.9755854150931,40.3271117929362],[-73.9756725364596,40.3271169370045],[-73.9756851732494,40.3271155118075]]}},{"type":"Feature","id":243356,"properties":{"OBJECTID":243356,"PRIMENAME":"Patten Avenue","ELEVTYP_F":0,"ELEVTYP_T":0},"geometry":{"type":"LineString","coordinates":[[-73.9919132390311,40.32823882296],[-73.9917219328992,40.3285230095062],[-73.9916949327711,40.3285591556607],[-73.991692853653,40.3285619376485],[-73.9915835214231,40.3287083059435],[-73.9915690578305,40.3287292329922],[-73.9915079851904,40.3288175897015],[-73.9912381176703,40.3290975941639],[-73.9911794314518,40.329160172793]]}},{"type":"Feature","id":243770,"properties":{"OBJECTID":243770,"PRIMENAME":"Ocean Avenue","ELEVTYP_F":0,"ELEVTYP_T":0},"geometry":{"type":"LineString","coordinates":[[-73.9739360764819,40.3468926746623],[-73.9739017336155,40.347527925954],[-73.973880992908,40.347844477521],[-73.9738593571312,40.3481746914522],[-73.9738494684538,40.3483345811202]]}},{"type":"Feature","id":244258,"properties":{"OBJECTID":244258,"PRIMENAME":"Shrewsbury Drive","ELEVTYP_F":0,"ELEVTYP_T":0},"geometry":{"type":"LineString","coordinates":[[-73.9828426384215,40.3324871080688],[-73.982823586372,40.3325346800012],[-73.9828292087747,40.3326204922629],[-73.9828485464502,40.3327778605138]]}},{"type":"Feature","id":246533,"properties":{"OBJECTID":246533,"PRIMENAME":"Columbus Drive","ELEVTYP_F":0,"ELEVTYP_T":0},"geometry":{"type":"LineString","coordinates":[[-73.986380002012,40.3317382231397],[-73.9863848947539,40.3318356441198],[-73.9864071453394,40.3322790746407],[-73.9864475025255,40.3330833102508]]}},{"type":"Feature","id":247361,"properties":{"OBJECTID":247361,"PRIMENAME":"Beach Road","ELEVTYP_F":0,"ELEVTYP_T":0},"geometry":{"type":"LineString","coordinates":[[-73.9783602473839,40.3316212967522],[-73.9779848761824,40.3317027281859],[-73.9778225929777,40.3317496249127],[-73.977672791881,40.3317918835753],[-73.9775647680933,40.3318079218111]]}},{"type":"Feature","id":248470,"properties":{"OBJECTID":248470,"PRIMENAME":"Riverdale Avenue","ELEVTYP_F":0,"ELEVTYP_T":0},"geometry":{"type":"LineString","coordinates":[[-73.9801188896317,40.3275033514162],[-73.9798951393022,40.3270454623702],[-73.9797355791934,40.3267160353155]]}},{"type":"Feature","id":248562,"properties":{"OBJECTID":248562,"PRIMENAME":"Seaview Avenue","ELEVTYP_F":0,"ELEVTYP_T":0},"geometry":{"type":"LineString","coordinates":[[-73.9752514471539,40.3397908989037],[-73.975237783411,40.3398920520656],[-73.9751692032788,40.3403995738073]]}},{"type":"Feature","id":250146,"properties":{"OBJECTID":250146,"PRIMENAME":"Patten Avenue","ELEVTYP_F":0,"ELEVTYP_T":0},"geometry":{"type":"LineString","coordinates":[[-73.9922014050155,40.3258993075175],[-73.9923186685389,40.3261968180955],[-73.9923368154046,40.3262428598817],[-73.99250196086,40.3266439159467],[-73.9925108666901,40.3266665479074]]}},{"type":"Feature","id":250671,"properties":{"OBJECTID":250671,"PRIMENAME":"Unnamed Segment","ELEVTYP_F":0,"ELEVTYP_T":0},"geometry":{"type":"LineString","coordinates":[[-73.9808523560901,40.3311142521156],[-73.9804634165383,40.3304771820676],[-73.9802824170359,40.3301151821185],[-73.9796954156867,40.3303421817635],[-73.9798214181302,40.3305271813646]]}},{"type":"Feature","id":252988,"properties":{"OBJECTID":252988,"PRIMENAME":"Unnamed Segment","ELEVTYP_F":0,"ELEVTYP_T":0},"geometry":{"type":"LineString","coordinates":[[-73.9924444200703,40.3255681815016],[-73.9924374191917,40.3254511811076],[-73.9923894194435,40.3250731814394]]}},{"type":"Feature","id":253541,"properties":{"OBJECTID":253541,"PRIMENAME":"Sunset Lane","ELEVTYP_F":0,"ELEVTYP_T":0},"geometry":{"type":"LineString","coordinates":[[-73.9754853116553,40.3448748971219],[-73.9758686048781,40.3448812999916]]}},{"type":"Feature","id":253911,"properties":{"OBJECTID":253911,"PRIMENAME":"Comanche Drive","ELEVTYP_F":0,"ELEVTYP_T":0},"geometry":{"type":"LineString","coordinates":[[-73.9998105403778,40.3235912170239],[-73.9997601173659,40.323332840923]]}},{"type":"Feature","id":255552,"properties":{"OBJECTID":255552,"PRIMENAME":"Johnson Street","ELEVTYP_F":0,"ELEVTYP_T":0},"geometry":{"type":"LineString","coordinates":[[-73.9801188896317,40.3275033514162],[-73.9800033475339,40.327551147611],[-73.977718422002,40.3284968958013],[-73.9773607778508,40.3286449203231],[-73.9772605247447,40.3286864413427]]}},{"type":"Feature","id":255590,"properties":{"OBJECTID":255590,"PRIMENAME":"Monmouth Place","ELEVTYP_F":0,"ELEVTYP_T":0},"geometry":{"type":"LineString","coordinates":[[-73.9836653623755,40.3283562116572],[-73.9836652132303,40.3283348601139],[-73.9827927207248,40.3285196950693],[-73.9824269225628,40.3285971858061]]}},{"type":"Feature","id":256415,"properties":{"OBJECTID":256415,"PRIMENAME":"Columbus Drive","ELEVTYP_F":0,"ELEVTYP_T":0},"geometry":{"type":"LineString","coordinates":[[-73.9864475025255,40.3330833102508],[-73.9864552323949,40.333237157954],[-73.9865210637024,40.3344146439439],[-73.9865336433891,40.3346055182244]]}},{"type":"Feature","id":258234,"properties":{"OBJECTID":258234,"PRIMENAME":"Meadow Avenue","ELEVTYP_F":0,"ELEVTYP_T":0},"geometry":{"type":"LineString","coordinates":[[-73.9929508214944,40.3344226517251],[-73.9929543611945,40.3344239713856],[-73.9930225533708,40.3344671503321],[-73.9930595748257,40.3345101926355],[-73.9931087584344,40.3345961952918],[-73.9933907721991,40.3351931923197],[-73.9934399214054,40.3352839167947],[-73.9934518332678,40.3353555086517],[-73.9934325026877,40.335441211104],[-73.9934138179244,40.335469350306]]}},{"type":"Feature","id":258794,"properties":{"OBJECTID":258794,"PRIMENAME":"Unnamed Segment","ELEVTYP_F":0,"ELEVTYP_T":0},"geometry":{"type":"LineString","coordinates":[[-73.9759884179522,40.3473431850108],[-73.9760724175481,40.3473081853116],[-73.9761844169628,40.3472881865902]]}},{"type":"Feature","id":260305,"properties":{"OBJECTID":260305,"PRIMENAME":"Horicon Avenue","ELEVTYP_F":0,"ELEVTYP_T":0},"geometry":{"type":"LineString","coordinates":[[-74.0042204393998,40.3249034365372],[-74.0041226920657,40.3248898410021],[-74.0000917793209,40.3243291622638],[-73.9999561968248,40.3243102929911]]}},{"type":"Feature","id":260477,"properties":{"OBJECTID":260477,"PRIMENAME":"Griffin Street","ELEVTYP_F":0,"ELEVTYP_T":0},"geometry":{"type":"LineString","coordinates":[[-73.9836716194945,40.3292546668992],[-73.984480202553,40.3292535511204],[-73.9851887020483,40.3292487725869]]}},{"type":"Feature","id":260925,"properties":{"OBJECTID":260925,"PRIMENAME":"Columbus Drive","ELEVTYP_F":0,"ELEVTYP_T":0},"geometry":{"type":"LineString","coordinates":[[-73.9866296299464,40.3362823230805],[-73.9866362481149,40.3364692728107]]}},{"type":"Feature","id":261100,"properties":{"OBJECTID":261100,"PRIMENAME":"Navesink Drive","ELEVTYP_F":0,"ELEVTYP_T":0},"geometry":{"type":"LineString","coordinates":[[-73.9852412837929,40.3315814617853],[-73.9852713615265,40.3316781987077],[-73.9852983328789,40.3322216201556],[-73.9853111747109,40.3323396933725]]}},{"type":"Feature","id":261280,"properties":{"OBJECTID":261280,"PRIMENAME":"Ticonderoga Avenue","ELEVTYP_F":0,"ELEVTYP_T":0},"geometry":{"type":"LineString","coordinates":[[-74.0031101576792,40.3296192598822],[-74.0030295315768,40.3296082065577],[-74.0010201189458,40.3293326683748],[-74.0009239457632,40.3293189940674]]}},{"type":"Feature","id":262121,"properties":{"OBJECTID":262121,"PRIMENAME":"Unnamed Segment","ELEVTYP_F":0,"ELEVTYP_T":0},"geometry":{"type":"LineString","coordinates":[[-73.9918450228857,40.3249965873415],[-73.9918414199312,40.3249971803562],[-73.9916894219705,40.3250221820822],[-73.9912904219494,40.3250611818014]]}},{"type":"Feature","id":262681,"properties":{"OBJECTID":262681,"PRIMENAME":"Riverdale Avenue","ELEVTYP_F":0,"ELEVTYP_T":0},"geometry":{"type":"LineString","coordinates":[[-73.9818204869411,40.3309669393709],[-73.9817715400573,40.3308523561489],[-73.9812370401277,40.3297645101075]]}},{"type":"Feature","id":263376,"properties":{"OBJECTID":263376,"PRIMENAME":"Break Water Cove","ELEVTYP_F":0,"ELEVTYP_T":0},"geometry":{"type":"LineString","coordinates":[[-73.9758074153081,40.3425351843388],[-73.9758338106113,40.3422143292166],[-73.9758524162473,40.3419881845136],[-73.9758594169551,40.3419591837649],[-73.9760284164135,40.3415381855641],[-73.9760554158435,40.3414361839871]]}},{"type":"Feature","id":263782,"properties":{"OBJECTID":263782,"PRIMENAME":"The Circle","ELEVTYP_F":0,"ELEVTYP_T":0},"geometry":{"type":"LineString","coordinates":[[-73.9847387724982,40.3397489431904],[-73.9847062003433,40.3397580225587],[-73.9846459081762,40.3397891038131],[-73.9845992378565,40.3398264773383],[-73.9845742824437,40.3398764936791],[-73.9846038324027,40.3399392980603],[-73.9846580632318,40.3399833797823],[-73.984742530957,40.340004647585],[-73.9848327865027,40.3399820721893],[-73.9848932521242,40.3399280412191],[-73.9849045514521,40.3398717053726],[-73.9848995466059,40.3398174107477],[-73.9848739457508,40.3397166309589]]}},{"type":"Feature","id":263896,"properties":{"OBJECTID":263896,"PRIMENAME":"Unnamed Segment","ELEVTYP_F":0,"ELEVTYP_T":0},"geometry":{"type":"LineString","coordinates":[[-73.9939764220047,40.3254691808155],[-73.9939674200319,40.3260841806223]]}},{"type":"Feature","id":267502,"properties":{"OBJECTID":267502,"PRIMENAME":"Unnamed Segment","ELEVTYP_F":0,"ELEVTYP_T":0},"geometry":{"type":"LineString","coordinates":[[-73.9929508214944,40.3344226517251],[-73.9928844208893,40.334525181793],[-73.9928324216793,40.334568182415],[-73.9927924205033,40.3345821823868],[-73.9927604209298,40.3345801840236],[-73.9926884224045,40.3345511825077],[-73.9926684214212,40.3345301834451],[-73.9926644216058,40.334504183889],[-73.992647421695,40.334475182181],[-73.9918924214246,40.3341991831574],[-73.9917854218754,40.3341631832713]]}},{"type":"Feature","id":269776,"properties":{"OBJECTID":269776,"PRIMENAME":"Ocean Avenue","ELEVTYP_F":0,"ELEVTYP_T":0},"geometry":{"type":"LineString","coordinates":[[-73.9756201668357,40.3274137844724],[-73.9755591725153,40.3277543510158],[-73.9754959656956,40.328079343294],[-73.9754247539794,40.3284865170996],[-73.9752467222239,40.329504423359],[-73.9752057390067,40.3297469245555],[-73.9750656358761,40.3305759293282],[-73.974864683104,40.3317939113487],[-73.9748359929846,40.3320059017895]]}},{"type":"Feature","id":271066,"properties":{"OBJECTID":271066,"PRIMENAME":"Tocci Avenue","ELEVTYP_F":0,"ELEVTYP_T":0},"geometry":{"type":"LineString","coordinates":[[-73.9864047116455,40.3288619995183],[-73.9863805562549,40.328535681189],[-73.9863635725637,40.3283062292863],[-73.98635069969,40.328132334393]]}},{"type":"Feature","id":271837,"properties":{"OBJECTID":271837,"PRIMENAME":"Patten Avenue","ELEVTYP_F":0,"ELEVTYP_T":0},"geometry":{"type":"LineString","coordinates":[[-73.9887269411186,40.3317803268271],[-73.9885196883416,40.3320071522814]]}},{"type":"Feature","id":273267,"properties":{"OBJECTID":273267,"PRIMENAME":"Unnamed Segment","ELEVTYP_F":0,"ELEVTYP_T":0},"geometry":{"type":"LineString","coordinates":[[-73.9834408522267,40.325088240446],[-73.9834144181963,40.3249311808445],[-73.9834414170615,40.3248441812038],[-73.9834824186884,40.3248061819855],[-73.9835774192173,40.3247171811526]]}},{"type":"Feature","id":273354,"properties":{"OBJECTID":273354,"PRIMENAME":"Beach Road","ELEVTYP_F":0,"ELEVTYP_T":0},"geometry":{"type":"LineString","coordinates":[[-73.9818204869411,40.3309669393709],[-73.9817646057308,40.3309428613696],[-73.9816898897717,40.3309425266103],[-73.9810474153731,40.3310778664851],[-73.9808523560901,40.3311142521156]]}},{"type":"Feature","id":275620,"properties":{"OBJECTID":275620,"PRIMENAME":"South Road","ELEVTYP_F":0,"ELEVTYP_T":0},"geometry":{"type":"LineString","coordinates":[[-73.9853111747109,40.3323396933725],[-73.9849859659053,40.3323537011002],[-73.9841947022398,40.3324026087341],[-73.984116583518,40.3324061313696]]}},{"type":"Feature","id":277102,"properties":{"OBJECTID":277102,"PRIMENAME":"Cherry Avenue","ELEVTYP_F":0,"ELEVTYP_T":0},"geometry":{"type":"LineString","coordinates":[[-73.9817884134528,40.3235316699133],[-73.9818016125833,40.3236606539995],[-73.9818323796273,40.3237084760224]]}},{"type":"Feature","id":278210,"properties":{"OBJECTID":278210,"PRIMENAME":"River Avenue","ELEVTYP_F":0,"ELEVTYP_T":0},"geometry":{"type":"LineString","coordinates":[[-73.9788646063959,40.3325709364172],[-73.9789543862382,40.3327722889562],[-73.9790093896611,40.3329059809196],[-73.97908286032,40.3330731368871],[-73.9791623550787,40.3332641214597],[-73.9792171015175,40.3334311930226],[-73.9792474317556,40.3335361681656],[-73.9792900618917,40.3336650281183],[-73.9793201360097,40.3337986067915],[-73.9793553778493,40.3339956065037],[-73.9793559747527,40.3339989479071],[-73.9793795137435,40.3341801542373],[-73.979397581088,40.3342564964507],[-73.9793848035668,40.3342993468989],[-73.9793408541779,40.3343468052772],[-73.9792534317222,40.3343749894268],[-73.9791787120076,40.334374653022],[-73.9790978234058,40.3343647625944],[-73.9788365813791,40.3343207058277],[-73.9785505176839,40.3342669833642],[-73.9783700521443,40.334251867338],[-73.9782518243432,40.3342370317738],[-73.9781147597251,40.3342411905124],[-73.9778841752999,40.3342639775906],[-73.9777656168151,40.3342920479913],[-73.9776970278916,40.3343060406595],[-73.9776959083381,40.3343069965999]]}},{"type":"Feature","id":280585,"properties":{"OBJECTID":280585,"PRIMENAME":"Renwick Place","ELEVTYP_F":0,"ELEVTYP_T":0},"geometry":{"type":"LineString","coordinates":[[-73.9948465246417,40.3266977175675],[-73.995518246239,40.3267006489581],[-73.9956302245992,40.3267154396283],[-73.9956860720336,40.3267395108036],[-73.9956920294938,40.32677769566]]}},{"type":"Feature","id":280666,"properties":{"OBJECTID":280666,"PRIMENAME":"River Avenue","ELEVTYP_F":0,"ELEVTYP_T":0},"geometry":{"type":"LineString","coordinates":[[-73.9763571110854,40.3369566761466],[-73.976478893864,40.336967734393],[-73.9769395263825,40.3369939485294],[-73.9769951758129,40.3369942001611],[-73.9769982428634,40.3369942140287]]}},{"type":"Feature","id":281490,"properties":{"OBJECTID":281490,"PRIMENAME":"Pocano Avenue","ELEVTYP_F":0,"ELEVTYP_T":0},"geometry":{"type":"LineString","coordinates":[[-74.0029483715269,40.3303054947231],[-74.00282816818,40.3302863112187],[-74.0014673973147,40.3301004798525],[-74.0010615028631,40.3300451427855]]}},{"type":"Feature","id":281707,"properties":{"OBJECTID":281707,"PRIMENAME":"Unnamed Segment","ELEVTYP_F":0,"ELEVTYP_T":0},"geometry":{"type":"LineString","coordinates":[[-73.9758214167976,40.3472291859992],[-73.97605241885,40.3469581850655],[-73.9760904181078,40.3469281854223],[-73.9761394161115,40.346909184782],[-73.9761934168797,40.3469041857631],[-73.9762464170853,40.3469131863926],[-73.9762934169783,40.3469351859285],[-73.9763274175,40.3469681856705],[-73.9763444167275,40.3470081848383],[-73.976344416795,40.3470501857428],[-73.9763314182419,40.3470791863594],[-73.9762394165855,40.3472021849297],[-73.9761844169628,40.3472881865902]]}},{"type":"Feature","id":281806,"properties":{"OBJECTID":281806,"PRIMENAME":"South Road","ELEVTYP_F":0,"ELEVTYP_T":0},"geometry":{"type":"LineString","coordinates":[[-73.9840139559185,40.3324107794227],[-73.9837150090233,40.3324242693618],[-73.9828988497481,40.3324683078692],[-73.9828426384215,40.3324871080688]]}},{"type":"Feature","id":282700,"properties":{"OBJECTID":282700,"PRIMENAME":"Meadow Avenue","ELEVTYP_F":0,"ELEVTYP_T":0},"geometry":{"type":"LineString","coordinates":[[-73.9883694780095,40.3321788908819],[-73.9885055863672,40.332221571294],[-73.9887974949395,40.3323277012461],[-73.9888906125384,40.3323709927872],[-73.9889649346542,40.3324237535375],[-73.989001880809,40.3324811270958],[-73.9890323325209,40.3325717978929],[-73.9890621024768,40.3327530298655],[-73.9890919800322,40.3329200148813],[-73.9891287454481,40.3329964111745],[-73.9891966834279,40.3330729451143],[-73.989277356396,40.3331114322462],[-73.9893892007976,40.3331500569241],[-73.9896070752821,40.3332228878194]]}},{"type":"Feature","id":283206,"properties":{"OBJECTID":283206,"PRIMENAME":"Riverdale Avenue","ELEVTYP_F":0,"ELEVTYP_T":0},"geometry":{"type":"LineString","coordinates":[[-73.9775396028954,40.3220818971985],[-73.9775653235637,40.3220269014583],[-73.977697923201,40.3217892169644],[-73.97797212556,40.3212060564304]]}},{"type":"Feature","id":284127,"properties":{"OBJECTID":284127,"PRIMENAME":"Centre Road","ELEVTYP_F":0,"ELEVTYP_T":0},"geometry":{"type":"LineString","coordinates":[[-73.9841937525782,40.3344118387033],[-73.9832136948265,40.334461874474],[-73.9831590386427,40.3344646771812]]}},{"type":"Feature","id":286197,"properties":{"OBJECTID":286197,"PRIMENAME":"Patten Avenue","ELEVTYP_F":0,"ELEVTYP_T":0},"geometry":{"type":"LineString","coordinates":[[-73.9915619864899,40.3226256983508],[-73.9915606080147,40.3226315744632],[-73.9915336920917,40.3227416511706],[-73.9914786823571,40.3229666295888]]}},{"type":"Feature","id":286706,"properties":{"OBJECTID":286706,"PRIMENAME":"Willow Avenue","ELEVTYP_F":0,"ELEVTYP_T":0},"geometry":{"type":"LineString","coordinates":[[-73.9817480152888,40.323136986433],[-73.9817552574926,40.3232076805613],[-73.9817773833479,40.3234238852173],[-73.9817884134528,40.3235316699133]]}},{"type":"Feature","id":291989,"properties":{"OBJECTID":291989,"PRIMENAME":"Hastings Place","ELEVTYP_F":0,"ELEVTYP_T":0},"geometry":{"type":"LineString","coordinates":[[-73.9851887020483,40.3292487725869],[-73.9851895333118,40.3293329720108],[-73.9852105767582,40.3314825253618],[-73.9852412837929,40.3315814617853]]}},{"type":"Feature","id":292420,"properties":{"OBJECTID":292420,"PRIMENAME":"Patten Avenue","ELEVTYP_F":0,"ELEVTYP_T":0},"geometry":{"type":"LineString","coordinates":[[-73.9911794314518,40.329160172793],[-73.9902462134974,40.3301560571708],[-73.989762840831,40.3306686499845],[-73.9897007155049,40.3307349737975]]}},{"type":"Feature","id":294078,"properties":{"OBJECTID":294078,"PRIMENAME":"Park Road","ELEVTYP_F":0,"ELEVTYP_T":0},"geometry":{"type":"LineString","coordinates":[[-73.9756625612535,40.3398326647869],[-73.9757631856146,40.3398354679782],[-73.9758788007904,40.3398322857345],[-73.9760088086721,40.3398328747551],[-73.9761486158458,40.3398187661551],[-73.976259565287,40.3397971702071],[-73.9763899232652,40.3397571860588],[-73.9764913431898,40.339724511073],[-73.9766411281628,40.3396588370323],[-73.9769697308161,40.339516612792],[-73.9770912884628,40.3394639879484]]}},{"type":"Feature","id":294340,"properties":{"OBJECTID":294340,"PRIMENAME":"Highland Avenue","ELEVTYP_F":0,"ELEVTYP_T":0},"geometry":{"type":"LineString","coordinates":[[-73.9925828367818,40.3358549004686],[-73.9925386641414,40.3358757558247],[-73.9924573086471,40.3359278321365],[-73.9923508068425,40.3360131518757],[-73.9922315357109,40.3361365184407],[-73.9920997811283,40.3362646350444],[-73.9919931710827,40.3363642563237],[-73.991899294934,40.3364258034425],[-73.9917866577758,40.336496793351],[-73.9916868880591,40.3365486423014],[-73.9916866103894,40.3365487869867],[-73.9915973929338,40.3365978334686],[-73.9914100984116,40.3366218203687],[-73.9912475119098,40.3367032700463],[-73.991084017571,40.3369181875856]]}},{"type":"Feature","id":295131,"properties":{"OBJECTID":295131,"PRIMENAME":"Long Branch Avenue","ELEVTYP_F":0,"ELEVTYP_T":0},"geometry":{"type":"LineString","coordinates":[[-73.986163165613,40.3232379950861],[-73.9862604508734,40.3237423357202]]}},{"type":"Feature","id":295197,"properties":{"OBJECTID":295197,"PRIMENAME":"Sunset Avenue","ELEVTYP_F":0,"ELEVTYP_T":0},"geometry":{"type":"LineString","coordinates":[[-73.992644419393,40.3240581808294],[-73.993611419803,40.3239891812643],[-73.9939144221088,40.3239741820123]]}},{"type":"Feature","id":295594,"properties":{"OBJECTID":295594,"PRIMENAME":"Patten Avenue","ELEVTYP_F":0,"ELEVTYP_T":0},"geometry":{"type":"LineString","coordinates":[[-73.9925108666901,40.3266665479074],[-73.9925997092178,40.3268921811283],[-73.9926301282625,40.3269924050565],[-73.9926356909228,40.3270782166821],[-73.9926163262217,40.3271686681175],[-73.9925341592155,40.3273303568274],[-73.992512276585,40.3273621187352],[-73.9921249649076,40.3279242962671],[-73.9920063971587,40.3281004306474]]}},{"type":"Feature","id":295605,"properties":{"OBJECTID":295605,"PRIMENAME":"Unnamed Segment","ELEVTYP_F":0,"ELEVTYP_T":0},"geometry":{"type":"LineString","coordinates":[[-73.9906114205192,40.3345551834527],[-73.991031421915,40.3347101836387]]}},{"type":"Feature","id":296662,"properties":{"OBJECTID":296662,"PRIMENAME":"Patten Avenue","ELEVTYP_F":0,"ELEVTYP_T":0},"geometry":{"type":"LineString","coordinates":[[-73.9883617147567,40.3321019858606],[-73.9882947083902,40.332110995907],[-73.9882324023831,40.3321154964284],[-73.9880893532255,40.3320910357994]]}},{"type":"Feature","id":296799,"properties":{"OBJECTID":296799,"PRIMENAME":"Unnamed Segment","ELEVTYP_F":0,"ELEVTYP_T":0},"geometry":{"type":"LineString","coordinates":[[-73.975243417256,40.3483341859081],[-73.9753524186773,40.3483561860992],[-73.9755594159911,40.3483491856238],[-73.9755954183048,40.3483351852439],[-73.9756254170272,40.3483091871008],[-73.9757734163147,40.3480751856099],[-73.9758164155567,40.3480401858021],[-73.9758594175271,40.3480201863107],[-73.9759204169089,40.348007186242],[-73.976162416862,40.3480001865658],[-73.9766044166634,40.3480061864096],[-73.9766394179302,40.3480081857181]]}},{"type":"Feature","id":298152,"properties":{"OBJECTID":298152,"PRIMENAME":"Ocean Avenue","ELEVTYP_F":0,"ELEVTYP_T":0},"geometry":{"type":"LineString","coordinates":[[-73.9740271106418,40.3398950904696],[-73.9740126176888,40.3404724201087],[-73.9739860152123,40.3414910386647],[-73.9739821839727,40.3419843048705],[-73.9739862170689,40.3422059417867],[-73.9739914606709,40.3424943476182]]}},{"type":"Feature","id":299631,"properties":{"OBJECTID":299631,"PRIMENAME":"Monmouth Parkway","ELEVTYP_F":0,"ELEVTYP_T":0},"geometry":{"type":"LineString","coordinates":[[-73.984572621527,40.3379827985158],[-73.9845935501156,40.3377830147007],[-73.9845632355951,40.3374718765589],[-73.9845414183659,40.3371642257548],[-73.9845295095004,40.3369963137501],[-73.9845041505035,40.3366423455314],[-73.9844914605928,40.3364997590537]]}},{"type":"Feature","id":300014,"properties":{"OBJECTID":300014,"PRIMENAME":"Comanche Drive","ELEVTYP_F":0,"ELEVTYP_T":0},"geometry":{"type":"LineString","coordinates":[[-73.999535936578,40.3221692790024],[-73.9994470225006,40.3217032812734],[-73.9993959762609,40.3214423488829]]}},{"type":"Feature","id":300880,"properties":{"OBJECTID":300880,"PRIMENAME":"Willow Place","ELEVTYP_F":0,"ELEVTYP_T":0},"geometry":{"type":"LineString","coordinates":[[-73.9818323796273,40.3237084760224],[-73.981869569302,40.3237324432727],[-73.9819317586524,40.323742247115],[-73.9820812839728,40.3237333913518],[-73.9827152911804,40.3236853799808]]}},{"type":"Feature","id":301099,"properties":{"OBJECTID":301099,"PRIMENAME":"Break Water Cove","ELEVTYP_F":0,"ELEVTYP_T":0},"geometry":{"type":"LineString","coordinates":[[-73.9753234170464,40.3416741844504],[-73.9753894161592,40.3415071852474],[-73.9754154158971,40.3414191844049],[-73.9754284166004,40.3414031856648],[-73.9754554164228,40.3413931838955],[-73.9760554158435,40.3414361839871]]}},{"type":"Feature","id":301433,"properties":{"OBJECTID":301433,"PRIMENAME":"Willow Place","ELEVTYP_F":0,"ELEVTYP_T":0},"geometry":{"type":"LineString","coordinates":[[-73.9827152911804,40.3236853799808],[-73.982853834585,40.3236748880591]]}},{"type":"Feature","id":304061,"properties":{"OBJECTID":304061,"PRIMENAME":"Unnamed Segment","ELEVTYP_F":0,"ELEVTYP_T":0},"geometry":{"type":"LineString","coordinates":[[-73.992210421755,40.3351851841724],[-73.9922634205331,40.3352681822377],[-73.9925828367818,40.3358549004686]]}},{"type":"Feature","id":304464,"properties":{"OBJECTID":304464,"PRIMENAME":"Harbour Way","ELEVTYP_F":0,"ELEVTYP_T":0},"geometry":{"type":"LineString","coordinates":[[-73.990067085148,40.3311988260021],[-73.9904405914462,40.3308050809251],[-73.9910118737455,40.330197558751],[-73.9916082901179,40.3295567632422],[-73.9917080958885,40.3294494801521]]}},{"type":"Feature","id":304672,"properties":{"OBJECTID":304672,"PRIMENAME":"Cottage Road","ELEVTYP_F":0,"ELEVTYP_T":0},"geometry":{"type":"LineString","coordinates":[[-73.9745401446887,40.3342188858098],[-73.9746710284614,40.3342160758305],[-73.975038530563,40.3342082189692],[-73.9752440361409,40.3342043743829],[-73.9754398832432,40.3342111097205],[-73.9756361008405,40.3342347570442],[-73.9759347926388,40.3342741866348],[-73.9760112301637,40.3342843058893]]}},{"type":"Feature","id":305583,"properties":{"OBJECTID":305583,"PRIMENAME":"Manahassett Way","ELEVTYP_F":0,"ELEVTYP_T":0},"geometry":{"type":"LineString","coordinates":[[-73.9927005890252,40.3221129867788],[-73.9928064254238,40.3221087017099],[-73.9929184315317,40.3221186910358],[-73.9930117518445,40.3221286533014],[-73.9931236877389,40.3221481962593],[-73.993254129588,40.3221916749006],[-73.9933349334599,40.3222110803738],[-73.9934097468357,40.3221971056348],[-73.9934784980154,40.3221640527677],[-73.9935348761299,40.3221213915507],[-73.9935539880665,40.3220595165265],[-73.9935481751429,40.3220070847173],[-73.9935050628722,40.321944937265],[-73.9934120267749,40.3218920964995],[-73.9931391268811,40.3217527074317],[-73.9930583581604,40.3217285258064],[-73.9929900002096,40.3217139238378],[-73.9929339078221,40.321713677981],[-73.9928778516757,40.3217181814051],[-73.992815376988,40.3217465393069],[-73.9927714442124,40.3217939759746],[-73.9927518671788,40.3219130322619],[-73.9927005890252,40.3221129867788]]}},{"type":"Feature","id":305586,"properties":{"OBJECTID":305586,"PRIMENAME":"Spaulding Place","ELEVTYP_F":0,"ELEVTYP_T":0},"geometry":{"type":"LineString","coordinates":[[-73.9881959608482,40.3321244768195],[-73.9882005468003,40.3322106688308],[-73.9882551131211,40.3332356085156],[-73.9882654002139,40.3335168448553],[-73.9882770198774,40.3336265119364],[-73.9883074711158,40.3337171829036],[-73.9883567200511,40.333793661672],[-73.9884371054523,40.3338702790241],[-73.9885301888682,40.3339183468543],[-73.9886419263159,40.333961748837],[-73.9889152976131,40.3340487441286],[-73.9892569687983,40.334159840999],[-73.9893619964736,40.3341940161004]]}},{"type":"Feature","id":306292,"properties":{"OBJECTID":306292,"PRIMENAME":"Unnamed Segment","ELEVTYP_F":0,"ELEVTYP_T":0},"geometry":{"type":"LineString","coordinates":[[-73.9899094185789,40.3237481808517],[-73.9900944196821,40.3236841800191],[-73.9904634202161,40.3235441817454],[-73.9906224203948,40.3235061808925],[-73.9907594183077,40.3234881810551],[-73.9908974196329,40.323481180653],[-73.991050421407,40.3234881809998],[-73.9912744193374,40.3235251816378],[-73.9913532628141,40.3235166550997]]}},{"type":"Feature","id":307122,"properties":{"OBJECTID":307122,"PRIMENAME":"Sunrise Way","ELEVTYP_F":0,"ELEVTYP_T":0},"geometry":{"type":"LineString","coordinates":[[-73.9739457740658,40.3467153538014],[-73.9741164157099,40.3467081860398],[-73.9742814165014,40.3467211849569],[-73.9743204169358,40.3467281855382],[-73.9743924159406,40.346750185979],[-73.9744664156034,40.3467661854289],[-73.974541415807,40.346777186267],[-73.9746184147622,40.3467831858205],[-73.9751594168496,40.3467811864281],[-73.9752684153655,40.346771185697],[-73.9753614174263,40.3467531856871],[-73.9754384155608,40.3467311870897],[-73.9755214183411,40.346695186246],[-73.9755864170427,40.3466571862313],[-73.9756524163513,40.3466051856101],[-73.9757394169569,40.346511185568],[-73.975823418089,40.3464031856729],[-73.9758964167526,40.3462911856095],[-73.9759034166116,40.3462501855174],[-73.9758964174708,40.3462101856603],[-73.9758734169012,40.3461731854115],[-73.9758044167588,40.3461051852753],[-73.9757364153461,40.3460521854463],[-73.9756494160571,40.3459981861953],[-73.9755424178358,40.3459491866734],[-73.9754904167476,40.345933185897],[-73.9753694177993,40.3459121860774],[-73.9753144168101,40.3459091860072],[-73.974699416424,40.3459061856267],[-73.9745654156872,40.3459201864189],[-73.9743734177062,40.3459671863125],[-73.9742684167057,40.3459821849677],[-73.9741614152154,40.3459861856029],[-73.9739908609722,40.3459736998496]]}},{"type":"Feature","id":307624,"properties":{"OBJECTID":307624,"PRIMENAME":"Ithaca Avenue","ELEVTYP_F":0,"ELEVTYP_T":0},"geometry":{"type":"LineString","coordinates":[[-74.0005175697528,40.3271790342046],[-74.0006062211435,40.3271909741423],[-74.0021801232104,40.3274026874454],[-74.0035113515149,40.3275942856137],[-74.0035865825847,40.3276022126992]]}},{"type":"Feature","id":308056,"properties":{"OBJECTID":308056,"PRIMENAME":"Beach Road","ELEVTYP_F":0,"ELEVTYP_T":0},"geometry":{"type":"LineString","coordinates":[[-73.9808523560901,40.3311142521156],[-73.9807824178275,40.3311272984896]]}},{"type":"Feature","id":309286,"properties":{"OBJECTID":309286,"PRIMENAME":"Ocean Avenue","ELEVTYP_F":0,"ELEVTYP_T":0},"geometry":{"type":"LineString","coordinates":[[-73.9739941720378,40.3458718910269],[-73.9739939961795,40.3458769518799],[-73.9739908609722,40.3459736998496]]}},{"type":"Feature","id":311306,"properties":{"OBJECTID":311306,"PRIMENAME":"Beach Road","ELEVTYP_F":0,"ELEVTYP_T":0},"geometry":{"type":"LineString","coordinates":[[-73.9807824178275,40.3311272984896],[-73.9803988062825,40.3311988728676],[-73.9796809150552,40.3313449020394]]}},{"type":"Feature","id":311602,"properties":{"OBJECTID":311602,"PRIMENAME":"Bayonne Avenue","ELEVTYP_F":0,"ELEVTYP_T":0},"geometry":{"type":"LineString","coordinates":[[-73.9873491561007,40.3330525283927],[-73.9873751967626,40.3334700231506],[-73.9874235464297,40.3344853551996],[-73.9874250856382,40.3345615959098]]}},{"type":"Feature","id":314096,"properties":{"OBJECTID":314096,"PRIMENAME":"Vista Court","ELEVTYP_F":0,"ELEVTYP_T":0},"geometry":{"type":"LineString","coordinates":[[-73.9763434030977,40.3250539686906],[-73.9764667252949,40.3250759390124],[-73.9769331143382,40.3251590869116]]}},{"type":"Feature","id":314145,"properties":{"OBJECTID":314145,"PRIMENAME":"Patten Avenue","ELEVTYP_F":0,"ELEVTYP_T":0},"geometry":{"type":"LineString","coordinates":[[-73.9897007155049,40.3307349737975],[-73.989542726384,40.3309037102012]]}},{"type":"Feature","id":314153,"properties":{"OBJECTID":314153,"PRIMENAME":"Ocean Avenue","ELEVTYP_F":0,"ELEVTYP_T":0},"geometry":{"type":"LineString","coordinates":[[-73.9742635278051,40.336844914177],[-73.9742096290881,40.3373599687351],[-73.9741580592739,40.3379816844188],[-73.9740648140556,40.3391608414121],[-73.9740271106418,40.3398950904696]]}},{"type":"Feature","id":314295,"properties":{"OBJECTID":314295,"PRIMENAME":"Woolley Street","ELEVTYP_F":0,"ELEVTYP_T":0},"geometry":{"type":"LineString","coordinates":[[-73.980857775879,40.3290028559138],[-73.9807579066611,40.329036722537],[-73.9791220385092,40.3295917759918]]}},{"type":"Feature","id":314608,"properties":{"OBJECTID":314608,"PRIMENAME":"Park Road","ELEVTYP_F":0,"ELEVTYP_T":0},"geometry":{"type":"LineString","coordinates":[[-73.9770912884628,40.3394639879484],[-73.9770622392736,40.3400108913102],[-73.9770474481896,40.3400587003405],[-73.9770182419364,40.3400917572786],[-73.9769894251414,40.340113548827]]}},{"type":"Feature","id":315171,"properties":{"OBJECTID":315171,"PRIMENAME":"Comanche Drive","ELEVTYP_F":0,"ELEVTYP_T":0},"geometry":{"type":"LineString","coordinates":[[-74.0009239457632,40.3293189940674],[-74.00085834321,40.3289728719039],[-74.0007914903661,40.3286163660607]]}},{"type":"Feature","id":315286,"properties":{"OBJECTID":315286,"PRIMENAME":"Sunset Avenue","ELEVTYP_F":0,"ELEVTYP_T":0},"geometry":{"type":"LineString","coordinates":[[-73.9917724200107,40.3234781805149],[-73.9921284208247,40.3234561802131]]}},{"type":"Feature","id":315347,"properties":{"OBJECTID":315347,"PRIMENAME":"Patten Avenue","ELEVTYP_F":0,"ELEVTYP_T":0},"geometry":{"type":"LineString","coordinates":[[-73.9885196883416,40.3320071522814],[-73.9884256706741,40.3320829974662],[-73.9883632921997,40.3321017730786],[-73.9883617147567,40.3321019858606]]}},{"type":"Feature","id":317307,"properties":{"OBJECTID":317307,"PRIMENAME":"Shore Drive","ELEVTYP_F":0,"ELEVTYP_T":0},"geometry":{"type":"LineString","coordinates":[[-73.990132420916,40.3243621804066],[-73.9899644214611,40.3239801813954],[-73.9899334197291,40.3238781807669],[-73.9899094185789,40.3237481808517]]}},{"type":"Feature","id":318256,"properties":{"OBJECTID":318256,"PRIMENAME":"Shore Drive","ELEVTYP_F":0,"ELEVTYP_T":0},"geometry":{"type":"LineString","coordinates":[[-73.9907674207464,40.3242251816235],[-73.9907844209721,40.3242461813463],[-73.9908144195382,40.3242851820057],[-73.9908354205743,40.3243921811357],[-73.9907774208368,40.32443218055],[-73.9906654212749,40.3244751818379],[-73.9905374215381,40.3245101804949],[-73.99030142085,40.3245511806939],[-73.9902624207334,40.3245521805978],[-73.9902144193665,40.3245411801409],[-73.9901994200038,40.3245271800269],[-73.990132420916,40.3243621804066]]}},{"type":"Feature","id":318439,"properties":{"OBJECTID":318439,"PRIMENAME":"Unnamed Segment","ELEVTYP_F":0,"ELEVTYP_T":0},"geometry":{"type":"LineString","coordinates":[[-73.9948694221447,40.3244491809687],[-73.9948924203857,40.3244641809068],[-73.9949424221171,40.3245371819563],[-73.9949544217657,40.3245931811556],[-73.9949624204921,40.3247061805713]]}},{"type":"Feature","id":319642,"properties":{"OBJECTID":319642,"PRIMENAME":"Lori Road","ELEVTYP_F":0,"ELEVTYP_T":0},"geometry":{"type":"LineString","coordinates":[[-73.9911794314518,40.329160172793],[-73.9912994186497,40.3292265580585],[-73.9915164618808,40.3293466543028],[-73.9917080958885,40.3294494801521]]}},{"type":"Feature","id":320727,"properties":{"OBJECTID":320727,"PRIMENAME":"Park Road","ELEVTYP_F":0,"ELEVTYP_T":0},"geometry":{"type":"LineString","coordinates":[[-73.9752514471539,40.3397908989037],[-73.9754309984082,40.3398191921831],[-73.9756043283421,40.3398310417153],[-73.9756625612535,40.3398326647869]]}},{"type":"Feature","id":321286,"properties":{"OBJECTID":321286,"PRIMENAME":"Beach Road","ELEVTYP_F":0,"ELEVTYP_T":0},"geometry":{"type":"LineString","coordinates":[[-73.9796809150552,40.3313449020394],[-73.9794819507674,40.3313854044854],[-73.9791328667208,40.3314586674335]]}},{"type":"Feature","id":321861,"properties":{"OBJECTID":321861,"PRIMENAME":"Eleanor Place","ELEVTYP_F":0,"ELEVTYP_T":0},"geometry":{"type":"LineString","coordinates":[[-73.9873491561007,40.3330525283927],[-73.9872786867977,40.3330549342286],[-73.9865373837932,40.3330802507545],[-73.9864475025255,40.3330833102508]]}},{"type":"Feature","id":322491,"properties":{"OBJECTID":322491,"PRIMENAME":"Monmouth Parkway","ELEVTYP_F":0,"ELEVTYP_T":0},"geometry":{"type":"LineString","coordinates":[[-73.9840139559185,40.3324107794227],[-73.9840826417322,40.3331088868133],[-73.9841385998667,40.3337310591861],[-73.9841937525782,40.3344118387033]]}},{"type":"Feature","id":322841,"properties":{"OBJECTID":322841,"PRIMENAME":"Riverdale Avenue","ELEVTYP_F":0,"ELEVTYP_T":0},"geometry":{"type":"LineString","coordinates":[[-73.9784586499998,40.3241922263391],[-73.9783248665025,40.3239404929992],[-73.9782361456329,40.3237719030345]]}},{"type":"Feature","id":322941,"properties":{"OBJECTID":322941,"PRIMENAME":"Riddle Avenue","ELEVTYP_F":0,"ELEVTYP_T":0},"geometry":{"type":"LineString","coordinates":[[-73.991662286445,40.3260263842828],[-73.9907145751499,40.3262497739551],[-73.9905520712666,40.3262880783066]]}},{"type":"Feature","id":326707,"properties":{"OBJECTID":326707,"PRIMENAME":"Griffin Street","ELEVTYP_F":0,"ELEVTYP_T":0},"geometry":{"type":"LineString","coordinates":[[-73.9812370401277,40.3297645101075],[-73.9813378794458,40.3297399259493],[-73.9815874618999,40.3296790861514],[-73.9822984672449,40.3295393278243],[-73.9823620220012,40.3295260781352]]}},{"type":"Feature","id":327347,"properties":{"OBJECTID":327347,"PRIMENAME":"Channel Drive","ELEVTYP_F":0,"ELEVTYP_T":0},"geometry":{"type":"LineString","coordinates":[[-73.9795841204615,40.3356836674431],[-73.9788501267164,40.3358005899088],[-73.9784323140457,40.3358701923507],[-73.9783325522858,40.3358840448258],[-73.97822669368,40.3358835673656],[-73.9776667086049,40.3358143044399],[-73.9775726313398,40.335802679078]]}},{"type":"Feature","id":328395,"properties":{"OBJECTID":328395,"PRIMENAME":"Break Water Cove","ELEVTYP_F":0,"ELEVTYP_T":0},"geometry":{"type":"LineString","coordinates":[[-73.9760554158435,40.3414361839871],[-73.9763994178129,40.3414661851606]]}},{"type":"Feature","id":329141,"properties":{"OBJECTID":329141,"PRIMENAME":"Marina Bay Drive","ELEVTYP_F":0,"ELEVTYP_T":0},"geometry":{"type":"LineString","coordinates":[[-73.9939764220047,40.3254691808155],[-73.9940804215847,40.3254491818607],[-73.9943574210701,40.3253621811693],[-73.9944864209881,40.3253441806961]]}},{"type":"Feature","id":329277,"properties":{"OBJECTID":329277,"PRIMENAME":"Unnamed Segment","ELEVTYP_F":0,"ELEVTYP_T":0},"geometry":{"type":"LineString","coordinates":[[-73.9946734217318,40.324315181292],[-73.9947694225251,40.3243271803217],[-73.9948254219627,40.3243611804889],[-73.994854420347,40.3243911800062],[-73.9948694221447,40.3244491809687]]}},{"type":"Feature","id":330975,"properties":{"OBJECTID":330975,"PRIMENAME":"Sunset Avenue","ELEVTYP_F":0,"ELEVTYP_T":0},"geometry":{"type":"LineString","coordinates":[[-73.9925724214851,40.3234261806714],[-73.9926364200856,40.3233321809347],[-73.9926794207008,40.3233081815634],[-73.9927444200589,40.323298180235],[-73.9929844197834,40.3233481811199],[-73.993168421083,40.3234001806026],[-73.9933674203689,40.3234711799253],[-73.9934784197919,40.3235391808217],[-73.9935744226025,40.3235801801045],[-73.9936384200971,40.3236001809734],[-73.9937504206263,40.3236241800426],[-73.9939844222994,40.3236881811881],[-73.9940044210599,40.323699180088],[-73.9940174199683,40.3237291809845],[-73.9939244211164,40.3238781809339],[-73.9939144221088,40.3239741820123]]}},{"type":"Feature","id":331013,"properties":{"OBJECTID":331013,"PRIMENAME":"Wardell Circle","ELEVTYP_F":0,"ELEVTYP_T":0},"geometry":{"type":"LineString","coordinates":[[-73.997884811001,40.3230936795917],[-73.9978229342716,40.3230608262339],[-73.9977646228162,40.3230307046945],[-73.9977205807178,40.3229965561142],[-73.9976871141804,40.3229583896881],[-73.9976404241806,40.3228653988557],[-73.9975875393651,40.3227226658938],[-73.9975448307476,40.3225425053906],[-73.9974837475612,40.3221897564539],[-73.9974413102007,40.3219683363052],[-73.9974275522148,40.3218407619116],[-73.9974184841166,40.3217432402046],[-73.9974336807845,40.3216720410586],[-73.9974685864609,40.3215934602049],[-73.997509001713,40.321526571248],[-73.9975694994212,40.3214742907495],[-73.997634144656,40.321438389516],[-73.9977030440109,40.321409095004],[-73.9977890856559,40.3213897586527],[-73.997866422832,40.3213835060869],[-73.9979436612098,40.321390429613],[-73.9980049867513,40.3214055196185]]}},{"type":"Feature","id":331104,"properties":{"OBJECTID":331104,"PRIMENAME":"Tocci Avenue","ELEVTYP_F":0,"ELEVTYP_T":0},"geometry":{"type":"LineString","coordinates":[[-73.9865041012511,40.330202014061],[-73.9864799946012,40.3302543673626],[-73.9864716728867,40.3303394862279],[-73.9865457820327,40.331191265142],[-73.9865887021708,40.3316054306576],[-73.9866110930711,40.3316848117691],[-73.9866610249034,40.3317749382949]]}},{"type":"Feature","id":333504,"properties":{"OBJECTID":333504,"PRIMENAME":"Ocean Avenue","ELEVTYP_F":0,"ELEVTYP_T":0},"geometry":{"type":"LineString","coordinates":[[-73.9745401446887,40.3342188858098],[-73.9745023639952,40.3345481915018],[-73.9744315077467,40.3352520386817],[-73.974361591794,40.335834360592],[-73.9743067285945,40.3362844874455],[-73.9742761248533,40.3366131951037],[-73.9742635278051,40.336844914177]]}},{"type":"Feature","id":334943,"properties":{"OBJECTID":334943,"PRIMENAME":"Navesink Drive","ELEVTYP_F":0,"ELEVTYP_T":0},"geometry":{"type":"LineString","coordinates":[[-73.9855146258625,40.3343439577854],[-73.9855390504082,40.3349726611437],[-73.9855535778967,40.3355160539039],[-73.9855751434761,40.3359593614634],[-73.9856089751634,40.3364265781945],[-73.9856372163233,40.3368127879284],[-73.9856829190461,40.3373467388971],[-73.9856870613158,40.3376231978913],[-73.9857098226289,40.3379140149828],[-73.985732112844,40.3382524861294],[-73.9857366906598,40.33847176466],[-73.985741920019,40.338600427944],[-73.9857350624299,40.3386862115162],[-73.985690716233,40.3387813275746],[-73.9856400912899,40.3388859689026],[-73.9855521953506,40.3389808633189],[-73.9852443371307,40.339327446796],[-73.9848739457508,40.3397166309589]]}},{"type":"Feature","id":335544,"properties":{"OBJECTID":335544,"PRIMENAME":"Seaview Avenue","ELEVTYP_F":0,"ELEVTYP_T":0},"geometry":{"type":"LineString","coordinates":[[-73.9760112301637,40.3342843058893],[-73.9760491003986,40.3340027112125],[-73.9760913663581,40.3336964225307],[-73.9761766724446,40.3330782411168],[-73.9762583377285,40.3324815587645],[-73.9763196565498,40.3320248445983],[-73.9763297821907,40.3319400634155]]}},{"type":"Feature","id":335559,"properties":{"OBJECTID":335559,"PRIMENAME":"Park Road","ELEVTYP_F":0,"ELEVTYP_T":0},"geometry":{"type":"LineString","coordinates":[[-73.9740271106418,40.3398950904696],[-73.9741590577292,40.3398724112641],[-73.9745352454942,40.3398077698816],[-73.9746702667495,40.33978628391],[-73.9747956459286,40.3397684331593],[-73.974911289541,40.3397615737534],[-73.9750268758954,40.3397620984089],[-73.9751072040393,40.339770945287]]}},{"type":"Feature","id":335932,"properties":{"OBJECTID":335932,"PRIMENAME":"Narragansett Avenue","ELEVTYP_F":0,"ELEVTYP_T":0},"geometry":{"type":"LineString","coordinates":[[-73.986339947183,40.3257550612231],[-73.9866671434772,40.3257320284859],[-73.9873676763734,40.3253295870183],[-73.9880731077694,40.3249933753881]]}},{"type":"Feature","id":336495,"properties":{"OBJECTID":336495,"PRIMENAME":"Meadow Avenue","ELEVTYP_F":0,"ELEVTYP_T":0},"geometry":{"type":"LineString","coordinates":[[-73.9896070752821,40.3332228878194],[-73.9897544243043,40.3332721821117]]}},{"type":"Feature","id":337322,"properties":{"OBJECTID":337322,"PRIMENAME":"Nicholson Place","ELEVTYP_F":0,"ELEVTYP_T":0},"geometry":{"type":"LineString","coordinates":[[-73.9982374867985,40.3236476854352],[-73.9982071795414,40.3236409341666],[-73.9981754003236,40.3236217717976],[-73.9981507260153,40.3235972327166],[-73.9980841793977,40.3234828806786],[-73.9979267797105,40.3231753394182],[-73.997884811001,40.3230936795917]]}},{"type":"Feature","id":338806,"properties":{"OBJECTID":338806,"PRIMENAME":"Manahassett Way","ELEVTYP_F":0,"ELEVTYP_T":0},"geometry":{"type":"LineString","coordinates":[[-73.9916782088913,40.3221301315873],[-73.9918347432833,40.3221520945712],[-73.9921146331712,40.32219142681],[-73.9921768224403,40.3222012530669],[-73.9922329157087,40.322196723127],[-73.9923202101748,40.322182802976],[-73.9924761484182,40.3221453571357],[-73.9926008853836,40.3221172986506],[-73.9927005890252,40.3221129867788]]}},{"type":"Feature","id":339014,"properties":{"OBJECTID":339014,"PRIMENAME":"Wharfside Drive","ELEVTYP_F":0,"ELEVTYP_T":0},"geometry":{"type":"LineString","coordinates":[[-73.9762904160279,40.3381391842377],[-73.9760254168316,40.3381441842033],[-73.9759734168257,40.3381561839831],[-73.9759404162754,40.3381741834964],[-73.9759094168433,40.3382091846531],[-73.9759014164827,40.3382341847056],[-73.9757864156845,40.3390161834999],[-73.9757284161586,40.339468185245],[-73.9756625612535,40.3398326647869]]}},{"type":"Feature","id":339774,"properties":{"OBJECTID":339774,"PRIMENAME":"Ocean Avenue","ELEVTYP_F":0,"ELEVTYP_T":0},"geometry":{"type":"LineString","coordinates":[[-73.9740050555455,40.3453077328324],[-73.9740012974874,40.3455374049156],[-73.9739999926924,40.3457053774109],[-73.9739957004272,40.3458281858324]]}},{"type":"Feature","id":340265,"properties":{"OBJECTID":340265,"PRIMENAME":"Ocean Avenue","ELEVTYP_F":0,"ELEVTYP_T":0},"geometry":{"type":"LineString","coordinates":[[-73.9738494684538,40.3483345811202],[-73.973821246837,40.3488679795047],[-73.9738076693583,40.3494147857746],[-73.9737959804373,40.3500461796591]]}},{"type":"Feature","id":342508,"properties":{"OBJECTID":342508,"PRIMENAME":"Centre Road","ELEVTYP_F":0,"ELEVTYP_T":0},"geometry":{"type":"LineString","coordinates":[[-73.9855146258625,40.3343439577854],[-73.9854379001658,40.3343478720826],[-73.9843289012105,40.3344048920128],[-73.9842991866935,40.3344064068335]]}},{"type":"Feature","id":343486,"properties":{"OBJECTID":343486,"PRIMENAME":"Long Branch Avenue","ELEVTYP_F":0,"ELEVTYP_T":0},"geometry":{"type":"LineString","coordinates":[[-73.9862604508734,40.3237423357202],[-73.9864059477142,40.3244967586133],[-73.9864239472197,40.3245874298631],[-73.9864228428722,40.3246194891269],[-73.986412225254,40.3246433795574],[-73.9864107176335,40.3246449598154],[-73.9863894473319,40.3246672439163],[-73.9863649429479,40.3246870926967],[-73.9863318097173,40.3247002329161],[-73.9862709102686,40.3247092959509]]}},{"type":"Feature","id":343590,"properties":{"OBJECTID":343590,"PRIMENAME":"Wesley Street","ELEVTYP_F":0,"ELEVTYP_T":0},"geometry":{"type":"LineString","coordinates":[[-73.9839798691502,40.3315029841587],[-73.9833730025877,40.331536291545],[-73.9825132718789,40.3315848269494],[-73.9823077013336,40.3315934882567],[-73.9822392267931,40.331583600644],[-73.9821860320767,40.3315722547858]]}},{"type":"Feature","id":344656,"properties":{"OBJECTID":344656,"PRIMENAME":"Columbus Drive","ELEVTYP_F":0,"ELEVTYP_T":0},"geometry":{"type":"LineString","coordinates":[[-73.9865336433891,40.3346055182244],[-73.9865713152864,40.3351774265058],[-73.9866135614205,40.3359088082187],[-73.9866208820476,40.3360355191844],[-73.9866296299464,40.3362823230805]]}},{"type":"Feature","id":345505,"properties":{"OBJECTID":345505,"PRIMENAME":"Island View Way","ELEVTYP_F":0,"ELEVTYP_T":0},"geometry":{"type":"LineString","coordinates":[[-73.9756095378236,40.3487580853228],[-73.97673989862,40.3487632045943]]}},{"type":"Feature","id":345801,"properties":{"OBJECTID":345801,"PRIMENAME":"Island View Way","ELEVTYP_F":0,"ELEVTYP_T":0},"geometry":{"type":"LineString","coordinates":[[-73.974743497294,40.3483827719077],[-73.9747617278238,40.3484158671054],[-73.9747739553434,40.3484444993414],[-73.9747858882692,40.3485112619398],[-73.974785111892,40.3486113475996],[-73.9747751048068,40.3487542991858]]}},{"type":"Feature","id":345805,"properties":{"OBJECTID":345805,"PRIMENAME":"Cook Place","ELEVTYP_F":0,"ELEVTYP_T":0},"geometry":{"type":"LineString","coordinates":[[-73.9787671899577,40.3303936154896],[-73.9789204158055,40.3303601819033],[-73.9792964160595,40.3302911828382],[-73.9793594164378,40.3304471820216],[-73.9793674168997,40.3304901818551],[-73.9793554171049,40.3305591817703],[-73.9793314165302,40.330623183085],[-73.9793274165504,40.3307681827311],[-73.979262415662,40.330924183047],[-73.9789756477083,40.3309843594621]]}},{"type":"Feature","id":345928,"properties":{"OBJECTID":345928,"PRIMENAME":"Seawinds Way","ELEVTYP_F":0,"ELEVTYP_T":0},"geometry":{"type":"LineString","coordinates":[[-73.9925724214851,40.3234261806714],[-73.9925864197098,40.3235971807707],[-73.992644419393,40.3240581808294]]}},{"type":"Feature","id":346972,"properties":{"OBJECTID":346972,"PRIMENAME":"Riverdale Avenue","ELEVTYP_F":0,"ELEVTYP_T":0},"geometry":{"type":"LineString","coordinates":[[-73.9780226636732,40.3233662339926],[-73.9779075675032,40.323147470925],[-73.9779046925218,40.3231435329012]]}},{"type":"Feature","id":347460,"properties":{"OBJECTID":347460,"PRIMENAME":"West Street","ELEVTYP_F":0,"ELEVTYP_T":0},"geometry":{"type":"LineString","coordinates":[[-73.9825519903217,40.3222361525962],[-73.9825036314193,40.3217914068564],[-73.9824942896298,40.321709118253]]}},{"type":"Feature","id":347589,"properties":{"OBJECTID":347589,"PRIMENAME":"Island View Way","ELEVTYP_F":0,"ELEVTYP_T":0},"geometry":{"type":"LineString","coordinates":[[-73.9751083989055,40.3487558121888],[-73.9756095378236,40.3487580853228]]}},{"type":"Feature","id":348781,"properties":{"OBJECTID":348781,"PRIMENAME":"Long Branch Avenue","ELEVTYP_F":0,"ELEVTYP_T":0},"geometry":{"type":"LineString","coordinates":[[-73.9860985510486,40.3229044742683],[-73.9861603019687,40.3232231864263],[-73.986163165613,40.3232379950861]]}},{"type":"Feature","id":349781,"properties":{"OBJECTID":349781,"PRIMENAME":"Ocean Avenue North","ELEVTYP_F":0,"ELEVTYP_T":0},"geometry":{"type":"LineString","coordinates":[[-73.9772362307165,40.3221903397532],[-73.9772485106651,40.3222979035752]]}},{"type":"Feature","id":352978,"properties":{"OBJECTID":352978,"PRIMENAME":"Ocean Boulevard North","ELEVTYP_F":0,"ELEVTYP_T":0},"geometry":{"type":"LineString","coordinates":[[-73.9772485106651,40.3222979035752],[-73.9772167033962,40.3223715503919],[-73.9771482330155,40.322564059179]]}},{"type":"Feature","id":353333,"properties":{"OBJECTID":353333,"PRIMENAME":"Narragansett Avenue","ELEVTYP_F":0,"ELEVTYP_T":0},"geometry":{"type":"LineString","coordinates":[[-73.9875765892508,40.32165915978],[-73.9876222243737,40.3217569811044],[-73.9876772348258,40.3219001945614],[-73.9877441876664,40.3220958942446],[-73.9878112846516,40.3222820692054],[-73.9878504471298,40.3224875286424]]}},{"type":"Feature","id":353584,"properties":{"OBJECTID":353584,"PRIMENAME":"Ocean Avenue North","ELEVTYP_F":0,"ELEVTYP_T":0},"geometry":{"type":"LineString","coordinates":[[-73.9769942342693,40.3216408711749],[-73.9772132515404,40.3220610533446],[-73.9772312763518,40.3221469220675],[-73.9772362307165,40.3221903397532]]}},{"type":"Feature","id":354413,"properties":{"OBJECTID":354413,"PRIMENAME":"Ocean Boulevard North","ELEVTYP_F":0,"ELEVTYP_T":0},"geometry":{"type":"LineString","coordinates":[[-73.9773861356445,40.3222527424815],[-73.9774812713705,40.3220654282725],[-73.9775374741086,40.3219547693161],[-73.9777031408148,40.3216659815485],[-73.97797212556,40.3212060564304]]}},{"type":"Feature","id":355580,"properties":{"OBJECTID":355580,"PRIMENAME":"Ocean Avenue","ELEVTYP_F":0,"ELEVTYP_T":0},"geometry":{"type":"LineString","coordinates":[[-73.9770223438587,40.322953817178],[-73.9769101637583,40.3233602756758]]}},{"type":"Feature","id":370585,"properties":{"OBJECTID":370585,"PRIMENAME":"Ocean Avenue","ELEVTYP_F":0,"ELEVTYP_T":0},"geometry":{"type":"LineString","coordinates":[[-73.9769101637583,40.3233602756758],[-73.9770752134851,40.3229648261996],[-73.9771290503432,40.3228358338696],[-73.9772364820658,40.3225847326275]]}},{"type":"Feature","id":374690,"properties":{"OBJECTID":374690,"PRIMENAME":"Monmouth Parkway","ELEVTYP_F":0,"ELEVTYP_T":0},"geometry":{"type":"LineString","coordinates":[[-73.9844914605928,40.3364997590537],[-73.9844654266069,40.3362060720099],[-73.9844226682884,40.3357887085587],[-73.9844002117094,40.3355695285196],[-73.9843559546349,40.3350713176087],[-73.9843443055524,40.3349401911086],[-73.984318874825,40.3346004968401],[-73.9842991866935,40.3344064068335]]}},{"type":"Feature","id":374857,"properties":{"OBJECTID":374857,"PRIMENAME":"Ocean Boulevard North","ELEVTYP_F":0,"ELEVTYP_T":0},"geometry":{"type":"LineString","coordinates":[[-73.9772948167064,40.3221906044902],[-73.9772485106651,40.3222979035752]]}},{"type":"Feature","id":383505,"properties":{"OBJECTID":383505,"PRIMENAME":"Ocean Boulevard North","ELEVTYP_F":0,"ELEVTYP_T":0},"geometry":{"type":"LineString","coordinates":[[-73.9772364820658,40.3225847326275],[-73.9772526868679,40.3225468568153],[-73.9773314133232,40.3223718651848],[-73.9773762482964,40.3222722095742],[-73.9773861356445,40.3222527424815]]}},{"type":"Feature","id":384142,"properties":{"OBJECTID":384142,"PRIMENAME":"Ocean Avenue","ELEVTYP_F":0,"ELEVTYP_T":0},"geometry":{"type":"LineString","coordinates":[[-73.9771482330155,40.322564059179],[-73.9771164345086,40.322653468343],[-73.9770514360423,40.3228600051244],[-73.9770254344181,40.322942620715],[-73.9770223438587,40.322953817178]]}},{"type":"Feature","id":385006,"properties":{"OBJECTID":385006,"PRIMENAME":"Monmouth Parkway","ELEVTYP_F":0,"ELEVTYP_T":0},"geometry":{"type":"LineString","coordinates":[[-73.984116583518,40.3324061313696],[-73.9841030369016,40.3322725447486],[-73.9840559631371,40.3317039970472],[-73.9839798691502,40.3315029841587]]}},{"type":"Feature","id":397595,"properties":{"OBJECTID":397595,"PRIMENAME":"Monmouth Parkway","ELEVTYP_F":0,"ELEVTYP_T":0},"geometry":{"type":"LineString","coordinates":[[-73.9842991866935,40.3344064068335],[-73.9842580168505,40.3339997148985],[-73.9841855750232,40.3330878779168],[-73.984116583518,40.3324061313696]]}},{"type":"Feature","id":399765,"properties":{"OBJECTID":399765,"PRIMENAME":"Ocean Boulevard North","ELEVTYP_F":0,"ELEVTYP_T":0},"geometry":{"type":"LineString","coordinates":[[-73.9778374406064,40.3211491324816],[-73.9776124149798,40.3215445168118],[-73.977529386697,40.3216904026185],[-73.9775112195442,40.3217223243969],[-73.9773972880403,40.3219576774625],[-73.9773260395982,40.3221182510498],[-73.9772948167064,40.3221906044902]]}},{"type":"Feature","id":408942,"properties":{"OBJECTID":408942,"PRIMENAME":"Sunset Avenue","ELEVTYP_F":0,"ELEVTYP_T":0},"geometry":{"type":"LineString","coordinates":[[-73.9939144221088,40.3239741820123],[-73.9944653432889,40.3239115484029]]}}]}
